GeneName,EXP
YMR056C,1315.7318369999998
YBR085W,262.2073338
YJR155W,1362.003133
YNL331C,426.08789800000005
YCR107W,215.3016245
YDL243C,593.9062743
YFL056C,268.63638310000005
YNL141W,2052.146603
YHR047C,2691.513151
YBL074C,115.7674324
YKL106W,759.3542917000001
YLR027C,13486.82889
YBR236C,1977.2389309999999
YKL112W,346.5456923
YMR072W,7121.2593
YJR108W,190.15590500000002
YCR088W,2964.349669
YOR239W,2204.561262
YNR033W,657.4108905
YMR289W,1081.755903
YER045C,1482.133756
YGR037C,11869.29283
YNR016C,9449.464624
YLR131C,365.6730072
YLR144C,1275.8269890000001
YJR083C,343.48080439999995
YBL015W,4062.829932
YDL203C,460.42736619999994
YPL267W,229.93967220000002
YDR511W,2238.002575
YLR304C,13354.230459999999
YJL200C,1896.5159850000002
YKL192C,8012.534219
YAL054C,1588.965623
YLR153C,8865.317217
YFL039C,27065.97269
YDR448W,808.5303742000001
YMR184W,3801.623619
YKL206C,1852.528161
YAR015W,1998.074787
YNL220W,2590.406482
YLR359W,4886.194677
YLR028C,3786.98883
YMR120C,567.1917447000001
YOR128C,2123.295126
YGR204W,5274.716385
YMR300C,1149.3204150000001
YGR061C,3882.605897
YDR408C,1762.0690120000002
YOL086C,22329.7065
YMR303C,1066.852675
YMR083W,6561.179889999999
YGL256W,1234.286174
YBR145W,1110.187528
YMR318C,18283.65594
YCR105W,227.6883162
YMR009W,1902.4144039999999
YDR226W,11667.34584
YER170W,322.3407755
YJR105W,11720.571759999999
YCR011C,2952.01788
YDR216W,3072.651498
YCR010C,190.3712431
YDL239C,710.6493132999999
YLR227C,414.343896
YMR064W,1001.3206460000001
YMR282C,503.9522896000001
YPL005W,471.7625401000001
YEL052W,3222.4640219999997
YLR397C,596.5155990000001
YER017C,1506.546722
YOR129C,628.7190657000001
YDR085C,4360.285538
YGL071W,441.06083739999997
YPL202C,271.5476913
YNR044W,20573.34038
YGL032C,14752.88907
YPR021C,1587.690206
YDR524C,852.9774719000001
YIL044C,1901.743637
YCL025C,2026.8486070000001
YBR132C,994.8602726
YFL055W,548.8248756
YFL030W,6608.324679
YDR214W,8384.734075
YOR023C,1456.102149
YCR082W,3486.4378840000004
YLR109W,14660.493369999998
YNR074C,1430.6761179999999
YMR092C,4602.958871
YIL079C,722.1252224
YDL175C,747.3387815000001
YBR059C,1242.089868
YDR264C,1325.2967310000001
YOR034C,607.920312
YOR335C,5000.805176
YJL122W,711.0024588
YMR170C,1581.601886
YMR169C,1920.774332
YOR374W,9073.539215
YER073W,4539.155407
YPL061W,12626.720640000001
YOR175C,1443.4363529999998
YNL148C,421.22457919999994
YBR110W,1979.0762120000002
YNL048W,1643.81329
YNR030W,1921.380538
YGL047W,1861.56999
YBR070C,1166.243688
YGL065C,1096.471338
YBL082C,1226.356169
YPL227C,1081.936017
YOR002W,3400.4888579999997
YBR243C,1601.934671
YOR067C,2553.088691
YNL219C,2567.616536
YGL021W,715.598767
YBL009W,527.7995052
YML086C,4636.766843
YNL270C,377.2222128
YOL130W,1299.9873890000001
YFL050C,283.9517298
YLR089C,3328.890151
YDR111C,732.4832627999999
YKR021W,527.6569667
YJL084C,996.3620589999999
YGR225W,129.17047970000002
YML035C,1380.250009
YDR242W,1311.451546
YBR211C,633.5596308999999
YBR158W,5388.538165
YGL156W,2659.803821
YJR047C,757.7640041
YEL036C,2099.3744739999997
YPR128C,2063.421072
YPR180W,2462.410472
YCL050C,5557.48875
YDR530C,2314.865969
YNL172W,399.60981969999995
YDL008W,1711.5132010000002
YLR127C,410.9141731
YDR118W,447.5574921
YOR249C,307.996145
YLR102C,498.4769488
YBR151W,5527.9190659999995
YKL157W,4969.706425
YBR286W,11170.1314
YNL077W,1169.397651
YJR005W,997.6178507999999
YKL135C,1932.936768
YBL037W,986.3628353
YPR029C,1638.157866
YPL195W,1632.0894449999998
YGR261C,1669.22666
YPL259C,1277.1523869999999
YHL019C,682.430911
YBR288C,1672.6028390000001
YOL062C,2725.916441
YKL114C,1295.962055
YBL019W,491.4050321
YNL094W,1824.087661
YIL040W,4248.862698
YLR170C,1414.497732
YJR058C,3140.202198
YJL024C,1192.176292
YML022W,5644.124597999999
YDR441C,2129.1440039999998
YNL065W,186.7476369
YPR192W,162.2425239
YLL052C,263.2790113
YBR149W,10316.96397
YMR041C,1950.879418
YER036C,4324.00056
YGL105W,7261.560883
YIL062C,6664.8488259999995
YLR370C,5122.204672
YKL013C,6943.428934999999
YNR035C,4440.131238
YBR234C,7776.136594
YHR013C,2169.863472
YCR048W,568.0752011
YNR019W,1161.888931
YDL192W,11386.08022
YDL137W,9816.051792
YOR094W,1056.4248300000002
YOL058W,9224.091505
YJL071W,684.6870212
YJL088W,2572.320334
YHR018C,9076.855574
YOL140W,1877.9348309999998
YMR042W,372.2845028
YML099C,203.2678764
YDR173C,553.5001351
YDR376W,904.329619
YNL020C,837.4449052
YBR164C,2926.331183
YPL051W,619.3332751
YHL040C,723.8541613
YHL047C,397.4550235
YDR127W,7957.262031
YDR380W,1711.5503469999999
YGL148W,5062.410671
YDR035W,9084.444554000002
YBR249C,10878.150440000001
YPR060C,2135.15018
YGL202W,9876.685831
YDR421W,462.36372939999995
YHR137W,1660.96686
YHR129C,460.44802589999995
YDR106W,216.86103300000002
YDL029W,6510.808222
YJR065C,9019.657947
YJL081C,1104.281708
YNL059C,838.7192492
YLR085C,798.1668451
YPR034W,659.5079063
YOR141C,508.4537221
YMR033W,1080.365815
YPR199C,1322.1784519999999
YPR200C,248.0948335
YPR201W,166.52588640000002
YGR068C,329.49648199999996
YLR242C,664.9439828
YDR101C,1264.47915
YPR085C,545.6041972
YMR116C,19945.60671
YOR058C,273.08566160000004
YJL115W,582.2123585
YDL197C,267.1823276
YIL130W,553.1747297999999
YJL170C,18619.81448
YKL185W,1493.985191
YMR119W,1768.9033100000001
YNL159C,1170.2166
YNL008C,1612.33441
YKL052C,832.7026199000001
YGR097W,2345.023784
YDL088C,1426.7402769999999
YPR145W,10708.163620000001
YGR124W,10886.51456
YDR321W,5532.143343
YPR093C,529.5252197
YBL069W,628.0045787
YER101C,653.4491995
YDR184C,571.476917
YGL017W,642.1096301
YOR377W,496.9993155
YGR177C,199.8492247
YGL180W,354.9331416
YLL042C,847.0913232
YPR049C,912.7098323999999
YBR217W,485.8696775
YPR185W,656.2548813999999
YBR128C,300.6364769
YCR068W,262.4050641
YMR159C,103.257922
YLR423C,544.3092439
YFR021W,765.284588
YOL082W,2564.800404
YNL242W,539.2246307999999
YDL113C,746.2486853999999
YPL100W,1843.1525190000002
YCL038C,1694.5058920000001
YLR431C,258.5507216
YLR189C,928.5921066
YJL178C,3884.0983869999995
YPL166W,201.1145209
YNR007C,717.1786394
YNL223W,350.5340271
YPL149W,2434.817588
YHR171W,531.4253596
YBL078C,3563.0562409999998
YDL149W,285.51968589999996
YPR026W,934.3727643
YMR301C,548.3180074
YNR002C,1652.907643
YDR384C,2215.767281
YBL099W,20269.64977
YLR393W,141.9789059
YNL315C,1583.265182
YJL180C,1755.7380629999998
YLR295C,7685.937901
YPL271W,11646.76539
YDL004W,12069.78752
YDR377W,8747.971128
YML081C-A,8560.461073
YOL077W-A,6710.827376
YJR121W,18765.75993
YPR020W,9051.962942
YDR350C,1370.615796
YNR020C,517.40209
YMR098C,635.6124027000001
YBR039W,12108.105459999999
YPL078C,12043.685609999999
YDR298C,13782.910580000002
YKL016C,10930.98795
YML116W,971.2547844000001
YAL020C,891.0970304
YNL259C,2897.065356
YOR079C,1800.856736
YFL010W-A,605.8918732999999
YKL004W,3568.059758
YOR011W,454.01824289999996
YLR114C,156.6084571
YOL078W,262.3243007
YMR068W,381.42611850000003
YJR001W,4624.274396
YEL064C,262.5622903
YKL146W,2580.5472640000003
YNL101W,1166.859303
YBL089W,1178.2465359999999
YER119C,1718.4653629999998
YIL088C,2784.044004
YPR122W,1680.365124
YIL140W,970.3749867
YIL124W,6091.499113
YLL063C,1190.004347
YOR113W,503.03665010000003
YGR224W,146.44744169999998
YOR134W,2886.105188
YBR068C,4829.080816
YDR046C,3160.3803
YIL015W,103.3254225
YKR099W,474.3384754
YHR208W,6661.5454119999995
YJR148W,4182.258091
YJL020C,1892.119507
YPL255W,224.4858814
YHR040W,353.2349398
YMR237W,2274.26517
YKR027W,905.7369877999998
YJL095W,500.5876039
YER167W,1699.381832
YDR361C,1120.705917
YDR375C,774.3415681
YIL033C,3931.9565770000004
YLR399C,2007.319236
YDL070W,1327.008775
YAL060W,7469.4998049999995
YAL061W,712.9804041
YNL039W,475.10867609999997
YOL164W,964.4067437000001
YBR200W,1016.668572
YER155C,2497.8585350000003
YPL115C,997.7862352
YPL161C,381.22423510000004
YLR412W,2285.389744
YIL004C,974.4980403999999
YPR176C,2545.041918
YKR068C,2936.636219
YJL031C,892.6002719
YML077W,1730.204171
YJR053W,86.04011264
YOR198C,5400.172176
YDR299W,484.10518310000003
YGR282C,19741.709580000002
YHR101C,714.2140023
YCL029C,286.8247269
YER016W,873.998885
YGR286C,370.3357797
YNR058W,402.9181147
YNR057C,423.1952012
YNR056C,150.793667
YJR089W,381.4347361
YBR270C,349.8415175
YJL058C,343.8431038
YFL007W,2432.04823
YER177W,14691.135119999999
YDR099W,8250.731289
YPL217C,1197.498261
YJR025C,9948.138733
YJR078W,940.1101843
YJL060W,5014.553556
YBL098W,901.8466388
YLR231C,2025.1538679999999
YFR047C,3794.5701990000002
YDR428C,1062.671451
YNL271C,920.0137886
YNL233W,658.3655087999999
YNL166C,528.9573256
YIL159W,96.90047098
YGR230W,711.9806388
YBL085W,922.6021143999999
YER114C,648.0030433999999
YLR267W,447.74195360000004
YNL042W,2628.916015
YNL275W,543.174741
YLR078C,1644.307329
YCR032W,640.9535026000001
YDL141W,1325.985986
YLL015W,2046.256055
YDL074C,1210.995762
YLR015W,376.36427510000004
YDL231C,937.2463859999999
YNR051C,1388.312937
YGR246C,871.3155549
YHR036W,239.9983844
YBL097W,107.3453807
YPL084W,1085.828592
YPR057W,725.7998721
YER172C,1401.021645
YGL247W,1752.2245719999999
YOL077C,3039.684788
YDL037C,77.91240801
YDR275W,580.6984152000001
YNL269W,123.7979425
YNR069C,121.27696709999998
YOL137W,817.8768292999999
YBR290W,1964.8843550000001
YPR171W,474.3062388999999
YFL025C,1546.441493
YGR142W,9101.800014
YPL069C,365.83849669999995
YDR252W,305.7028337
YGR188C,148.4477868
YMR055C,624.4523626
YOR026W,525.1718728999999
YGL174W,400.1220959
YAR014C,1534.053119
YEL029C,934.8127694
YNR027W,642.9915464
YKL092C,640.4905988
YLR074C,1320.046815
YOR078W,806.6072709
YMR014W,225.1512693
YCR047C,391.2617892
YER014C-A,75.84789768
YFL023W,319.41616769999996
YCL014W,411.3546058
YCR063W,723.3051753
YGR262C,1335.99792
YJR092W,222.3876395
YCR038C,294.1341613
YLR319C,347.117063
YOR299W,1444.021332
YLR353W,827.8381541
YGR041W,170.061841
YDL099W,1087.163017
YMR275C,836.2915021000001
YML111W,839.5777741
YLR226W,407.7986452
YER159C,1516.280459
YKL005C,813.7575816000001
YHR114W,518.4103618
YML102W,1322.890166
YDR423C,816.2906259
YNL278W,311.2231021
YGR134W,686.4901205
YFL028C,1817.1266449999998
YOR276W,6587.125335
YKR036C,346.5696155
YNL288W,1618.0355240000001
YER048C,2313.7461949999997
YFL029C,624.6139927999999
YPL048W,6929.252640000001
YEL063C,2283.7348859999997
YKL007W,3225.927294
YIL034C,6339.781024
YPL111W,13481.16931
YLR438W,6906.214268000001
YML042W,567.5395067000001
YOR125C,657.0128628
YMR280C,575.1037012
YGR036C,520.4089091
YPL178W,2290.768786
YJR060W,606.0287339
YGR140W,332.41427000000004
YLR175W,7362.416259999999
YNL161W,1133.169375
YJL209W,350.87751749999995
YHL038C,278.18329819999997
YPL215W,1274.231694
YGR174C,1181.708653
YBR120C,1035.791551
YIL043C,7255.881195
YDL069C,582.2695698
YDR197W,804.6968331
YKL208W,564.9226022999999
YER168C,1114.3900130000002
YLR220W,2358.625179
YDR270W,625.8050582999999
YKL011C,708.9634671
YGR217W,810.7949641
YPR025C,786.9336042
YKR066C,6518.969135
YAL021C,1158.508689
YMR038C,936.4476515
YIL142W,3707.168162
YJL014W,3211.335064
YDL143W,7166.519731999999
YJR064W,4984.031051
YDR188W,3890.614731
YJL111W,2715.916925
YJL008C,3605.430085
YLR110C,23586.93822
YLR390W-A,15259.87038
YBR131W,661.8459991000001
YLR307W,136.52024369999998
YLR308W,233.9254849
YDR182W,1803.4466289999998
YCR002C,4499.226856
YJR076C,1230.885695
YHR107C,1835.66922
YLR215C,920.3242982
YDL220C,196.2881505
YFR028C,1257.45291
YAR019C,756.0234852000001
YKL022C,636.2260415
YAL038W,22728.45433
YGL116W,567.5621507999999
YOR074C,382.4211555
YHR166C,293.3193418
YAL041W,916.0902296
YLR310C,1270.3293
YFR036W,418.7084319
YBL084C,655.9553039
YBR160W,2070.958594
YLR314C,2735.0291620000003
YOR257W,1287.618309
YOL139C,6406.591396
YDR054C,1886.54254
YDL165W,2034.222009
YDR168W,2945.247877
YCR093W,1907.333118
YFL009W,1688.053702
YDR364C,525.3638863
YLR229C,6704.246244
YGL155W,1298.642221
YLR103C,208.5159731
YDL126C,9625.215733
YMR001C,394.5865205
YCR094W,1544.549004
YDL132W,942.5255592
YGL190C,1282.130652
YJL194W,214.203365
YPL160W,5009.683593
YDL017W,591.6508639
YLR418C,1532.2242390000001
YJR057W,960.0923424
YDL164C,1033.269633
YLR245C,859.8067199
YGL003C,554.7843999
YBR029C,1994.3493050000002
YMR213W,277.7282778
YGL130W,1292.9746699999998
YER061C,368.93559139999996
YMR168C,258.646031
YPL228W,690.1292519
YOR112W,583.4684366
YIL003W,1105.9439619999998
YDR301W,581.0005256000001
YLR115W,703.2099031
YML036W,1127.697915
YGL029W,925.0522011
YCL064C,145.6048665
YLR098C,558.6229490000001
YGL206C,2627.061391
YER164W,870.5820167000002
YBR274W,1362.466022
YPL008W,614.1523539
YDR254W,458.49692860000005
YER026C,4407.637386
YGR157W,7375.121348000001
YNL192W,6563.23125
YBR038W,567.8520081
YBR023C,7186.545496
YLR330W,2929.1483789999997
YJL099W,537.7158197000001
YHR142W,4605.038729999999
YER030W,1371.206183
YDR267C,1177.770099
YHR052W,1352.412286
YMR198W,3463.977982
YOR349W,721.1231376000001
YPL241C,898.8994016
YMR138W,686.847021
YOR028C,1324.443581
YEL061C,223.3588319
YJL158C,12405.915159999999
YNR001C,16427.45554
YCR005C,7335.50485
YPR001W,247.2757523
YIL035C,1802.0901039999999
YOR061W,1878.5228399999999
YGL019W,2618.571575
YOR039W,2921.17818
YLR133W,626.8764083
YBR135W,2077.7527670000004
YNL298W,825.7019426
YGR108W,208.3374884
YPR119W,264.8310589
YDL155W,590.8221953999999
YLR210W,768.6783843
YPR120C,795.879497
YGR109C,705.9586368
YGR167W,4860.034036
YLR117C,371.63547180000006
YGL215W,2960.403069
YMR199W,174.3943613
YPL256C,528.5405915
YAL040C,3605.704825
YOR250C,1119.172091
YMR012W,3795.8024090000004
YKL137W,2084.446585
YBR109C,10231.60637
YFR014C,1144.029555
YOL016C,3079.299496
YML057W,3390.644917
YLR003C,1385.862729
YLR433C,1251.745464
YKL190W,3714.6598719999997
YAL058W,938.5944402000001
YNL225C,613.5228777000001
YFR046C,405.11451139999997
YBR155W,521.8461359
YIL157C,2584.67514
YPL189C-A,2468.995938
YLL050C,17618.52656
YGL223C,1666.983297
YGR120C,884.3216765000001
YER157W,715.6040309
YPR105C,1122.970088
YNL051W,963.8711800000001
YNL041C,861.9365391000001
YGL005C,701.7876918
YML071C,786.3073552
YDL145C,4061.385589
YBR003W,2345.262715
YOL008W,1367.7589890000002
YNR041C,1993.9897239999998
YOL096C,1434.498255
YDR204W,2058.993913
YML110C,5903.161246
YGR255C,2259.312965
YLR201C,2659.812436
YBL045C,11015.8796
YNR075W,149.3701543
YBR203W,523.0551925999999
YGL263W,831.1545402
YGR295C,6605.380946
YHL048W,4686.11566
YKL219W,1219.502687
YOR316C,2041.665371
YPL172C,695.1226644999999
YPL132W,630.3734166
YLR038C,11572.66734
YGL191W,11501.998090000001
YML129C,2278.415318
YER141W,4309.956546
YJL003W,1623.253348
YLL009C,1561.411987
YGR062C,1321.559176
YLL018C-A,1033.234602
YDR231C,1407.832845
YHR116W,276.0931236
YGL187C,11634.60882
YNL052W,11070.58333
YIL111W,1264.543073
YHR051W,9880.246815999999
YMR256C,9281.922118999999
YLR395C,8881.452953
YDL067C,9510.434674
YKL179C,1054.68327
YOR303W,6284.91638
YJR109C,5256.455553
YGR247W,872.0673280999999
YDR155C,21777.990019999997
YHR057C,2515.839444
YML078W,10699.882309999999
YCR069W,3410.78845
YDR304C,7361.112773999999
YLR216C,10559.995429999999
YJR032W,1242.0204720000002
YNR028W,658.3010475
YJL172W,7583.614629000001
YNL130C,2910.501961
YOR100C,206.5599803
YDL142C,1494.5253369999998
YDR223W,111.5820996
YHR209W,4264.483602
YGR189C,5500.454077
YGR218W,2237.3376510000003
YLR429W,1667.728319
YHR146W,2144.233057
YLR213C,424.4201483
YOR031W,1246.14018
YOL063C,922.7381617999998
YNL027W,618.0662082
YGL238W,3473.6201200000005
YNR010W,1158.8728720000001
YKL049C,491.3314471
YLR087C,1267.395477
YBR036C,4461.0608600000005
YBR161W,875.0520296
YMR025W,337.04817660000003
YOL007C,486.7420313
YNL232W,925.1155825999999
YCR086W,563.4938855
YIL132C,208.0748134
YMR048W,273.1102892
YPL200W,102.5213779
YDR179C,162.07023569999998
YLR380W,1110.6159
YPR030W,1536.2031650000001
YBR042C,1007.5489380000001
YIL036W,1144.4350869999998
YLR394W,690.9677720999999
YDR256C,155.6144526
YMR094W,92.20699758
YMR078C,316.4635039
YPL018W,102.53096009999999
YLR381W,364.4814956
YPR135W,1288.090619
YHR191C,687.1316
YDR151C,2426.102553
YPL181W,1057.398481
YKL139W,396.7033473
YJL006C,706.0128245
YML112W,604.0339535
YMR180C,1681.0203960000001
YHR109W,269.14609839999997
YBR291C,1448.494363
YPR124W,1155.5246849999999
YHR175W,3895.971339
YLR411W,400.11190469999997
YCR054C,556.5805418
YOL145C,578.1514536000001
YLR286C,5558.522937
YDR371W,733.1980245
YGR088W,1911.5066769999999
YMR264W,2154.69795
YKL090W,430.83856280000003
YGL110C,842.1988838
YML101C,2034.803116
YOR042W,1878.515771
YGR003W,470.7942068
YGL166W,1381.217181
YPL177C,3182.0614800000003
YPR158W,1852.2116870000002
YMR240C,371.7687139
YNL286W,568.3089772999999
YDR163W,759.9556915000001
YDL209C,435.63861030000004
YDR482C,392.7300775
YGR278W,535.1867047000001
YGL128C,660.1888458999999
YLR323C,240.6790462
YNL245C,238.51975319999997
YPL064C,479.1595922
YGL027C,1811.491782
YCR017C,2688.78658
YKL096W,8494.098253
YKL096W-A,25119.87834
YML054C,990.7255687999999
YNL111C,2394.878064
YJR048W,10990.84916
YOR037W,512.6874121999999
YAL039C,3167.801562
YEL039C,1208.403773
YBR112C,730.6564169
YDL117W,634.4414651000001
YDR430C,595.5742706
YJL005W,749.5050254
YAL012W,12034.27988
YGR155W,9489.770137000001
YOR065W,10295.014290000001
YKL087C,1433.973381
YDR016C,730.9832811000001
YKR083C,305.5774966
YBR233W-A,380.1405357
YDR320C-A,1993.0035469999998
YML070W,4179.483161
YFL053W,143.82980580000003
YIR027C,132.416132
YIR029W,415.184896
YIR032C,374.14599189999996
YIR028W,203.702682
YJR152W,675.0481271000001
YIR031C,571.5223837
YKR034W,178.3361017
YIR023W,319.5923576
YNL314W,620.3455088
YGR113W,633.2374292999999
YJR150C,75.53485603
YJR151C,834.0783609
YPL170W,2014.259977
YHR028C,1935.693719
YML113W,221.10586769999998
YGR092W,2835.962087
YPR111W,650.1166297999999
YDR052C,427.04759749999994
YPL119C,177.6897391
YDL031W,1218.421963
YNL112W,1837.2843489999998
YGL078C,1602.297096
YOR046C,3142.182542
YNR038W,1003.2637810000001
YKR024C,754.7726405000001
YHR169W,378.33142710000004
YLR276C,1411.055861
YKL149C,450.9704727
YCL016C,528.9411517
YHR144C,696.3525822
YIR030C,231.01445890000002
YOR180C,525.8399925
YLR128W,465.8059005
YOL149W,843.3147957
YNL118C,847.0299658
YLR361C,751.7591649
YLR270W,3611.44555
YOR173W,2263.531742
YKL046C,5431.680805
YPL194W,208.61082290000002
YER143W,1177.588644
YOR163W,1549.512001
YOL052C-A,12144.09524
YMR173W,7397.614831
YOR204W,2089.3595010000004
YHR019C,13136.00887
YKL054C,2689.690208
YFL001W,647.214618
YAL013W,497.46770580000003
YBR201W,1078.202418
YDR051C,1528.087475
YIL049W,2664.1857219999997
YOR030W,198.0849275
YMR238W,8300.634999
YDR411C,2783.588405
YOR236W,1136.722928
YOR245C,2140.1910620000003
YOR311C,3276.334755
YNL130C-A,150.4551609
YKL121W,1123.177682
YDL160C,1306.527906
YKL078W,296.05447210000005
YMR316W,3149.172231
YOR080W,797.8279763999999
YDL024C,198.3771896
YHR011W,232.74402169999996
YPR082C,2725.1035260000003
YLR348C,676.9455547
YKR035W-A,1258.7362890000002
YKL002W,2467.221455
YGR227W,1463.279532
YLR437C,1228.7476
YPL049C,699.7132042000001
YDR480W,1111.034669
YPL266W,1783.283275
YDR263C,305.6930045
YLR129W,972.8944803999999
YPL265W,288.6643912
YOL021C,1622.793058
YDR403W,137.2601674
YDR402C,92.35203739
YIR004W,820.976327
YDL174C,3788.868615
YDL178W,2525.1983210000003
YEL071W,3984.070125
YJL065C,1689.3281100000002
YMR126C,704.3257024000001
YHR115C,1418.6495220000002
YNL116W,1076.227114
YER179W,388.07633450000003
YMR211W,565.403906
YHR164C,482.00044339999994
YER166W,1457.247215
YDR093W,1770.7257399999999
YMR162C,586.0206109000001
YOR005C,624.7123001
YLL001W,1724.865061
YKL213C,2759.992913
YDR069C,945.5953912
YGL240W,104.2291458
YHR044C,369.7525947
YHR043C,1376.8122230000001
YNL001W,1235.224622
YDR273W,444.17330819999995
YDR141C,1800.6617989999997
YDR068W,692.4639167
YDR440W,409.9074482
YIL010W,3458.5666880000003
YER088C,3065.548304
YJL090C,456.92817599999995
YPR175W,430.41253420000004
YBR278W,590.9848548
YDR121W,859.6628944
YIL103W,685.5066178999999
YKL191W,2396.9473199999998
YLR172C,4029.637803
YDR294C,3045.2224539999997
YPR183W,9156.040979000001
YDR284C,2804.852323
YLL018C,8895.866887999999
YKR071C,1707.741922
YLL008W,727.7592507
YAL026C,1365.114908
YGL196W,2168.9045579999997
YER124C,399.9911752
YHR143W,1667.588135
YOR264W,285.0340027
YNR067C,352.9537126
YEL070W,599.6170562000001
YBR007C,868.1230436000001
YMR276W,4112.048872
YNL258C,1019.7020050000001
YIR010W,407.61674139999997
YMR287C,241.4843076
YPR017C,1237.680898
YGL043W,938.0927218
YDL219W,2023.6290649999999
YBR180W,92.10867022
YFR044C,17173.37041
YBR281C,487.4886249
YNL191W,637.9010437999999
YDL101C,903.3392905999999
YGL061C,440.4721517
YHL016C,355.05696969999997
YML080W,351.40991410000004
YLR401C,764.7534870000001
YLR405W,434.23456469999996
YBR252W,2774.905973
YKR054C,705.3986149
YMR299C,521.4782748
YHR068W,8244.725120000001
YDR359C,359.994932
YPR023C,2461.2526390000003
YEL018W,397.43291719999996
YJR082C,1234.1156330000001
YNL136W,453.0376841
YKL204W,789.93647
YMR171C,1030.130697
YKL172W,947.6252358999999
YDR206W,739.0791845
YLR284C,474.27707869999995
YAL059W,892.4742828999999
YEL030W,221.7291162
YDR446W,86.95187708
YHR021W-A,128.0597268
YBL043W,1141.502927
YHR132C,3240.339571
YBL001C,5261.724724000001
YMR128W,697.8093204
YDR125C,1962.817656
YLR390W,1785.245161
YBR065C,190.0295929
YBL101C,1518.464533
YLR228C,518.6553266
YPL021W,116.3091716
YJL201W,724.2437068
YJR106W,403.225935
YHL030W,935.7358757000001
YOR092W,965.7156592
YLR436C,755.6199751
YBR176W,893.0877826
YER176W,480.0423187
YBR078W,15059.94404
YHL043W,151.7827488
YLR299W,1836.422773
YKR076W,2338.158917
YMR176W,1067.020887
YLR443W,1280.670824
YBR076W,261.87708829999997
YKR004C,740.9408114
YFR027W,155.2050769
YGL222C,613.854039
YER035W,2971.9289870000002
YEL015W,1109.6845119999998
YBL047C,4063.299904
YBR033W,526.4053076
YPL095C,856.3076547000001
YAL003W,18061.1354
YGR271C-A,286.9950905
YMR212C,840.3391231
YPL037C,13969.42381
YHR193C,10963.38815
YNL327W,1332.637306
YDR036C,1936.832843
YBR177C,4150.80575
YDR147W,424.7275109
YNL230C,314.4221231
YPL046C,932.7601758999999
YKL160W,5305.679757
YOR144C,337.7276764
YKL048C,290.4702716
YJL196C,4010.9906539999997
YGR200C,1737.5262969999999
YPL086C,1200.046032
YPL101W,1114.131149
YMR312W,2450.628301
YLR186W,2388.169497
YDR512C,180.7275506
YDR516C,4825.540469
YOL071W,2425.504199
YGL200C,7803.184381
YLR080W,630.7151562000001
YFL048C,2329.30779
YLR083C,2466.780014
YDR038C,714.9564320000001
YOL158C,1338.188367
YNL084C,2414.3345
YGR254W,18752.27167
YHR174W,20311.92069
YBR247C,820.5160083
YGR145W,1164.538573
YDL161W,841.0790301000001
YLR206W,1776.694781
YJR125C,2355.492913
YLL038C,407.06448969999997
YDR153C,1320.885591
YNL080C,2787.8161170000003
YFL024C,570.4159496
YIL005W,2325.9342300000003
YHR123W,1282.47251
YMR049C,2003.632182
YDR414C,557.4801157
YBL040C,5148.272954
YLR246W,898.0458582999998
YGR175C,7527.105809000001
YPL028W,12823.75229
YHR007C,9210.728309
YMR208W,3227.318714
YML126C,10276.74473
YMR202W,11537.99325
YJL167W,11563.649
YNL280C,9915.500306
YGR060W,8219.160129
YGL001C,6321.568104
YLR100W,6775.2089209999995
YER044C,6983.42843
YLR056W,5337.185259000001
YGL012W,4987.324216
YMR015C,6019.626382
YML008C,8240.456017
YHR072W,3083.69293
YMR220W,2888.5543850000004
YHR190W,6898.116995
YPL096C-A,2654.049483
YFR041C,1286.7862949999999
YML130C,6199.494919
YAR002C-A,7268.885215
YAL007C,4715.234788000001
YDL018C,1187.804399
YOR016C,2466.95804
YHR110W,2598.105203
YGL002W,1590.146358
YCR075C,805.2865785
YGR029W,1258.300307
YGL054C,6765.881448
YBR210W,2076.465753
YPR037C,2125.079119
YML012W,7526.068676999999
YGR284C,7629.941153
YML067C,3316.7501350000002
YAL042W,3411.5735200000004
YOR244W,776.2701134
YNL125C,1492.241118
YMR219W,666.6663
YDR363W,424.222722
YOL017W,202.82015019999997
YDR365C,1073.768492
YNR054C,369.0650289
YGR098C,699.4195109
YJR017C,2336.799696
YLR233C,371.6222168
YLR318W,214.16289390000003
YIL009C-A,2031.3824789999999
YBR026C,3088.0747109999998
YDR518W,1596.669001
YLR300W,11862.64995
YDR261C,1708.6979809999998
YOR033C,483.4571581
YJL085W,1266.728627
YBR102C,588.7443283
YOR317W,3903.9598119999996
YER015W,545.662793
YIL009W,1092.9298210000002
YMR246W,2710.6187010000003
YFR019W,1026.197733
YDL045C,1520.4063609999998
YIL019W,172.8252246
YDR021W,331.47968910000003
YNL023C,447.7336284
YDL166C,1096.254834
YJL157C,6504.460604
YLR238W,357.245338
YNL127W,593.2342744
YMR052W,429.09024860000005
YFR008W,440.5749172
YMR029C,1080.88057
YKL182W,12590.77277
YPL231W,11482.56602
YBR041W,3218.499182
YER183C,2176.411213
YKL060C,20527.58076
YLR377C,249.57407519999998
YJL155C,1613.443418
YDR339C,2042.585179
YLR051C,874.627074
YMR277W,282.51435289999995
YPR062W,4934.645345
YER056C,2939.633622
YER060W,420.7129461
YER060W-A,276.23862119999995
YCR034W,4121.232164
YCR028C,759.9742756
YBR101C,7875.794962999999
YMR058W,3990.16832
YMR319C,130.0874071
YFL041W,2658.7584920000004
YPR104C,251.1801091
YBR040W,15672.911730000002
YCR089W,19371.25353
YNL325C,689.1310874
YDR130C,293.56190310000005
YJR093C,623.6982441
YER032W,576.0420373
YIL065C,1583.497288
YDR534C,322.10934219999996
YOR382W,1301.58031
YOR383C,2838.844696
YIL131C,271.7875644
YNL068C,213.6926492
YLR342W,10611.330890000001
YMR306W,200.3962859
YPL221W,1307.030169
YAL053W,4633.150169
YGL139W,473.63743600000004
YLR404W,891.3692543999999
YAR050W,226.97846040000002
YKR102W,311.3097818
YER109C,229.4071022
YBR008C,1017.9218689999999
YIL134W,445.2448181
YIL098C,584.7382524
YDR236C,1953.032382
YHR176W,687.2973397999999
YER182W,1560.170193
YDR070C,2157.2095329999997
YBR269C,6486.944352
YBR047W,755.1843891
YLR077W,635.5817117
YLR454W,2965.526058
YPL103C,637.5608897000001
YFL046W,1214.36894
YJL161W,1483.25666
YGL080W,2313.794019
YPL222W,643.474614
YNL168C,2000.4842059999999
YGR243W,3055.790346
YDL222C,1014.4388369999999
YKR049C,2609.493448
YGR052W,999.3069236
YER004W,2939.973404
YMR020W,1100.885602
YBL013W,75.91019191
YDR110W,269.4782613
YNL256W,467.9680836
YGR267C,6341.657143
YMR113W,1140.972902
YKR009C,1492.147717
YNR047W,1344.066415
YNL135C,17110.95297
YDR519W,5765.469151
YML074C,3695.279489
YLR449W,3368.950828
YLL043W,1815.5357789999998
YLL029W,1960.63674
YGL220W,2962.29316
YLR214W,2038.676268
YKL220C,202.5505351
YOR381W,282.399691
YNR060W,143.8698985
YOR384W,64.82085548
YLL051C,853.1504847000001
YOL152W,912.0993469
YLR047C,193.2036553
YCL026C-A,171.3850345
YDR373W,4285.214686
YLR060W,6601.806432
YFL022C,4663.7751
YOR324C,306.01544920000003
YAL028W,730.0389267
YOR271C,3998.8783380000004
YHR049W,3971.65252
YMR222C,2602.473948
YOR280C,1587.7341509999999
YBR207W,2864.937161
YER145C,1459.366428
YBL042C,4357.586382
YPL262W,11595.1129
YAL035W,5758.791254
YAL008W,1574.57781
YAL034C,1309.392526
YAL022C,1528.30339
YAL019W,606.9868362000001
YHR128W,6832.049094
YBR021W,2293.723786
YCL027W,11811.534740000001
YMR232W,7337.606659
YBL016W,4041.004216
YIL097W,846.3930993999999
YOR183W,73.83009217
YHR059W,794.0005655
YCL058C,134.61097780000003
YNL133C,457.0482579
YLR068W,330.6095297
YGR196C,400.9366955
YGL254W,465.2119831
YBR179C,660.6843414
YLR088W,1113.3900800000001
YLR459W,1805.983211
YOR178C,1372.9378800000002
YMR250W,4039.551249
YBR020W,21109.11385
YBR019C,14757.213609999999
YOL051W,1023.241407
YLR081W,15380.170259999999
YDR009W,1705.2081170000001
YBR018C,18594.73532
YML051W,5701.053909
YER027C,1642.668849
YKR039W,1237.670279
YHR089C,6995.69731
YMR307W,9198.328984
YLR343W,518.3898306
YMR215W,2510.816174
YOL132W,117.15344520000001
YOL030W,7018.042119
YFL021W,2288.550918
YMR136W,1989.003148
YLR013W,65.25204895
YIR013C,137.3220451
YCL011C,5406.863311
YOR260W,1780.3356670000003
YNL062C,922.9257637000001
YER025W,5893.172237
YJL125C,907.3713101
YGR083C,1472.458126
YDR211W,2141.94383
YLR291C,3386.7105799999995
YGL195W,3560.9295399999996
YDR283C,1640.607861
YFR009W,4296.01328
YKR026C,2092.612036
YEL009C,16905.59537
YGR252W,604.9628005
YPL075W,787.2962092
YNL199C,288.9558954
YDL226C,1512.421319
YDR019C,1062.5005199999998
YMR189W,959.9493796
YAL044C,3854.37029
YOR120W,15690.06509
YEL042W,4432.380591
YPR184W,3794.6886130000003
YPL110C,1889.342291
YOR375C,13550.341669999998
YDL215C,4055.9122049999996
YAL062W,257.28742059999996
YER136W,4275.635049
YOR355W,3367.1220049999997
YBR187W,4286.633487
YJR031C,451.5877007
YEL022W,787.2637557
YJR040W,1558.683057
YAL048C,296.5034604
YGL020C,1710.516812
YER083C,4440.18342
YDL100C,4812.574431
YKL104C,9237.031736
YMR255W,1075.366693
YCL036W,317.89378789999995
YDR358W,1269.197365
YHR108W,2559.958353
YDL198C,6837.499409999999
YHR061C,196.454467
YDR309C,6851.981945
YCL039W,1639.586567
YMR135C,2075.471352
YNL153C,2229.553431
YEL003W,1893.632773
YML094W,1749.7717530000002
YDR507C,409.5112128
YBR045C,227.2750307
YER054C,376.7043913
YPL137C,1269.399192
YAL031C,1170.4560279999998
YDR152W,1193.422274
YDR096W,1781.4811170000003
YNL255C,6796.835563
YLR094C,1039.601834
YML006C,758.5563521
YCR098C,131.0605269
YEL011W,5118.047656000001
YER133W,4078.1587619999996
YMR311C,1314.543107
YDL207W,590.778037
YER107C,1813.8981989999997
YKR058W,694.7313181
YJL137C,406.46750380000003
YCL040W,14580.23131
YPR035W,6187.092887
YER040W,337.0483593
YOR168W,2814.927921
YML004C,6766.441642
YDR272W,2719.9377280000003
YER122C,2011.8118129999998
YOR040W,474.1044174
YPL091W,7118.9373590000005
YDL171C,2713.319864
YEL046C,7008.206466
YKR030W,2199.254715
YFL017C,1768.8963670000003
YHR183W,13180.798840000001
YGR256W,949.4069687000001
YDR508C,6281.061859
YOR320C,1561.22635
YJL184W,745.7900885
YNL274C,3795.407154
YHL031C,1747.882655
YMR292W,2554.525244
YHR005C,3109.829765
YER020W,1758.018045
YOR371C,1020.90667
YAL056W,916.3267012
YDL022W,14619.985830000001
YOL059W,920.9393412000001
YGL121C,2609.9391570000003
YPR160W,6878.558351000001
YGR216C,1385.463476
YGL142C,854.3950863
YDR302W,1229.640096
YMR281W,1290.639334
YLL031C,1970.796154
YJR013W,1937.4683929999999
YNL038W,1027.090604
YHR188C,3265.6620000000003
YDR434W,2021.3398780000002
YBR004C,2856.172422
YDR437W,121.2782842
YPL076W,494.69268389999996
YDR331W,1653.451462
YKL152C,25113.37766
YDL021W,622.2626552999999
YOL056W,427.69586389999995
YDL035C,929.9748848999999
YKR067W,2749.397516
YKL026C,1371.577108
YBR244W,1849.587364
YLL035W,369.778528
YPL223C,372.5990245
YOL151W,2023.334081
YHR104W,7095.512656999999
YDR517W,2939.1130129999997
YJR090C,993.7562287999999
YBR121C,7614.916463
YPR081C,1166.935162
YCL035C,6612.108757
YDR513W,10287.57144
YDR098C,3485.30326
YER174C,2075.3508190000002
YPL059W,3228.5722539999997
YDL010W,2094.8556710000003
YBR014C,2912.361724
YLR364W,481.32953729999997
YGR032W,11603.830329999999
YML048W,6076.355334000001
YJL101C,1991.9230579999999
YOL049W,2093.217425
YJL103C,1557.813832
YLR293C,14013.921919999999
YOR185C,5459.353031000001
YFR015C,3207.748611
YLR258W,1600.556079
YDR221W,853.3668138
YGR154C,515.8483486
YMR251W,78.70878835
YML121W,957.5161393999999
YGR163W,1607.883031
YGL181W,1283.934001
YIR038C,7275.887045999999
YLL060C,527.8948265
YEL017W,1766.373827
YMR217W,7980.4800430000005
YDL238C,414.84265730000004
YLR289W,447.3503865
YDR454C,8960.267406
YGL084C,2864.898391
YPL189W,150.81965580000002
YGL245W,9638.78462
YHL032C,996.066938
YIL155C,3298.885261
YIL041W,7108.128565000001
YJL091C,1567.213634
YMR192W,781.0890542999999
YOR070C,1049.126669
YPL249C,813.5700079
YJL044C,1737.134682
YDL234C,2380.52339
YFL027C,1524.0226
YJL110C,391.8329692
YPR008W,818.2088522999999
YFL031W,9479.388796
YPR005C,2151.925213
YJL165C,1376.756792
YOL089C,932.3961929999999
YJR069C,2475.234255
YLR256W,526.5462493
YGL237C,682.8596097999999
YBL021C,451.6280538
YKL109W,3703.7476520000005
YOR358W,454.0517296
YMR290C,1286.055106
YPL001W,1430.928065
YEL056W,1289.138653
YCL026C-B,341.9058985
YKR084C,1143.252655
YDL223C,578.3593278
YJL033W,493.85913780000004
YNL281W,6958.662619
YCR065W,524.1770259
YLR192C,5110.429779
YKL017C,360.6687006
YNL021W,454.4717159
YDR295C,772.7628248
YPR179C,461.59821100000005
YNL014W,267.1556826
YDR458C,722.363999
YBL032W,1874.4810309999998
YDR232W,3850.9211219999997
YDR047W,2066.180185
YDR044W,1659.812875
YER014W,447.00369220000005
YOR176W,4157.523998
YGL040C,4592.424341
YDL205C,1139.399344
YOR278W,1237.500272
YOR227W,1168.0259130000002
YMR293C,791.1911704
YOR237W,249.05864480000002
YMR207C,570.7402346
YMR110C,5474.656647999999
YPL254W,733.3431699
YGL251C,330.3881501
YGR187C,1432.70763
YPL127C,1671.888541
YBR010W,3635.687078
YNL031C,6404.037728
YLL022C,413.239599
YDR317W,306.8837881
YGR191W,1153.893884
YBL008W,583.8818842000001
YOR038C,688.1917071
YJR140C,457.40644299999997
YER055C,6713.118617
YFR025C,1838.2155649999997
YOR202W,3723.691128
YCL030C,2812.7967949999997
YIL116W,3923.270096
YIL020C,712.3166613
YBR248C,1946.7543920000003
YJR055W,315.8145847
YDR420W,1454.081089
YMR161W,1380.415609
YDR528W,382.9950985
YER057C,8084.731165
YML075C,5405.923238
YLR450W,2756.241337
YOL095C,752.2147767999999
YDR174W,6487.719218
YCR097W,1345.1923800000002
YOR032C,131.5907689
YJR147W,268.5808568
YBR034C,2502.637023
YLR205C,3923.568261
YGL077C,3275.661288
YDL125C,9154.922806999999
YDR305C,1253.152259
YOR258W,460.0188097
YDL227C,853.5487876
YJR075W,2693.375529
YMR032W,141.4894783
YLR113W,4034.1872020000005
YNR055C,1718.435241
YDR158W,16246.161890000001
YER052C,7632.547740000001
YJR139C,11447.968429999999
YIL072W,340.05304739999997
YGL033W,364.7149174
YMR251W-A,24753.26056
YPR068C,231.41380139999998
YGL194C,1344.467556
YPL116W,789.8779355
YIL112W,464.0895227
YMR172W,276.07939239999996
YKL084W,765.7663727999999
YPR193C,964.1394088999999
YEL066W,1480.2212029999998
YBR215W,397.6719683
YOL155C,249.3236465
YDR138W,204.5706849
YDR399W,696.5929308
YNL004W,1536.947805
YOL013C,1096.324666
YLR207W,591.276264
YOR267C,2372.54905
YOL123W,3048.9394629999997
YDR291W,723.4604887999999
YPL204W,2029.854139
YOL133W,1282.999964
YLR097C,1401.599956
YMR186W,13777.8763
YHL002W,2506.041916
YGL073W,597.5033929
YMR288W,525.4056223
YOR319W,596.8134052999999
YKL138C-A,726.3613174
YKL101W,1412.857708
YBR133C,1541.686296
YBR272C,1023.24444
YOR020C,10354.81193
YLL026W,9204.505401
YFL014W,12811.89836
YJL159W,15433.294740000001
YBR072W,2747.290786
YCR021C,9489.665043
YDR533C,4616.597414
YDR171W,6904.129815
YLR259C,14223.42049
YDR258C,5637.596246
YPL240C,8092.0629739999995
YOL068C,1702.9994170000002
YPL015C,1170.543323
YOR025W,191.1595619
YDR191W,414.6580361
YGR223C,948.4700806
YDR225W,5733.571395
YBL003C,645.4513476
YDR224C,6667.809889
YBL002W,830.6617928
YHR067W,624.1760837
YCR020W-B,689.4624462999999
YPR033C,6066.898417
YOL012C,2100.746838
YGR268C,2330.852866
YOR284W,521.0927989
YNR032C-A,903.7015305
YML058W-A,298.29136580000005
YJR036C,438.36547010000004
YGL141W,1095.116525
YGL168W,1167.896839
YPL244C,1818.6813530000002
YER039C,499.59657649999997
YFR053C,14320.32
YGL253W,13367.30301
YHR094C,113.736378
YFL011W,135.763378
YEL069C,105.29959009999999
YNL318C,79.42284543
YNR072W,90.46088204
YMR011W,1455.303729
YDR345C,1170.659584
YHR092C,598.4877184
YHR096C,409.1282784
YJL214W,106.5200203
YJL219W,83.43622728
YKL189W,5490.837418
YEL034W,17786.40312
YIR037W,9174.887187
YOR126C,2061.459495
YJR122W,572.1220361000001
YNL164C,350.3937231
YIL090W,1626.479515
YER065C,1280.867131
YPR006C,645.0418207
YBR157C,286.6238881
YJL077C,392.41321939999995
YLR099C,2175.222456
YMR195W,1356.297578
YPL250C,8995.530101999999
YNL037C,7910.826814
YOR136W,13226.82402
YPL117C,3806.432134
YDL066W,11902.09975
YLR174W,3139.301593
YNL009W,417.6734958
YJL146W,812.3305851
YFL013C,807.7747159
YNL215W,652.5623853999999
YLR052W,773.3036227000001
YOR189W,917.6595050000001
YER092W,1645.277654
YEL044W,1075.349901
YLR223C,474.16691569999995
YOL023W,352.80134560000005
YHR187W,824.4584618
YLR384C,1781.5679280000002
YJL057C,1044.252389
YJR118C,1952.353502
YBL076C,6300.632278
YER086W,5953.931178
YMR108W,6569.814933
YJR016C,8803.339839
YLR355C,9576.611162000001
YCL009C,12154.45679
YHR216W,3046.412782
YLR432W,5841.870546
YML056C,6835.109135
YJR094C,358.5351951
YJL106W,344.0031024
YGL192W,3271.557708
YCR046C,3308.391147
YCR071C,1394.767226
YLR309C,1018.708729
YJR138W,672.8953812000001
YJL082W,2329.444852
YBR107C,516.3969563999999
YMR150C,2077.172882
YMR035W,2195.4475469999998
YIL154C,908.1231187999999
YHR148W,984.3349875
YNL075W,892.7062192
YDL181W,9656.358391
YHR046C,620.4653582999999
YDR287W,1014.58247
YNL152W,789.2432977000001
YJL153C,811.9215128999999
YDR123C,408.8092601
YOL108C,655.6012367999999
YGL150C,1017.1292960000001
YMR204C,348.8466275
YMR163C,359.5855532
YIL002C,779.9744314
YNL106C,1857.090839
YOR109W,1141.699987
YOL065C,991.3817187999999
YLR095C,668.6773811
YFR013W,474.74778660000004
YMR044W,620.0480337
YHR085W,363.6388124
YNL182C,352.0610314
YDR315C,623.9157081000001
YPL209C,108.02979280000001
YBR011C,17037.93951
YDR072C,3047.8851
YPL242C,829.9344093
YBR140C,3440.760992
YOL081W,3990.951812
YOL015W,145.987908
YPL017C,166.6430657
YJL037W,210.61560189999997
YLL033W,494.7949594
YLR247C,1459.045924
YMR073C,1868.7306239999998
YEL001C,6863.648101999999
YOR044W,840.6864667000001
YIR036C,3490.7552579999997
YLR021W,946.3983532
YDR332W,412.602467
YDR540C,286.0159143
YFR038W,619.3729494
YFR043C,592.1269139999999
YFR055W,1392.902047
YJL051W,192.3086896
YHR079C,704.6012228
YIL026C,348.5796917
YKR019C,280.6844158
YLL027W,2175.322369
YPR067W,2685.126852
YER019W,3968.518734
YER180C,550.9647335
YER048W-A,3868.158886
YMR081C,2838.541758
YPL040C,370.5971448
YOR155C,2139.834114
YPR106W,911.7211494
YNL265C,1650.926954
YBR086C,4668.998517
YIR005W,606.1053082999999
YPL135W,8479.014245
YOR226C,1680.2549329999997
YBR245C,743.2213691000001
YOR304W,807.2666221
YJR050W,471.1058274
YGL133W,685.2787155
YDR497C,4307.163565999999
YOL103W,2586.881474
YML068W,446.7047373
YDR229W,596.1887151000001
YDL115C,699.2168612
YKL032C,890.5569162
YDR492W,1862.906922
YOL002C,1838.3221
YLR023C,1070.665913
YOL101C,326.09873789999995
YGL018C,490.8529712
YJL073W,887.3893675
YKL217W,2655.003847
YER051W,505.8217455
YJR119C,298.3419482
YPR061C,389.49942769999996
YDR475C,888.0035401
YPR169W,2844.91895
YNL227C,231.5073256
YJL162C,352.7095016
YJR097W,225.53292919999998
YLL057C,296.8712178
YMR132C,260.9199454
YMR294W,268.3997094
YJR091C,1428.629251
YKR038C,1895.6401489999998
YBR017C,2500.9739670000004
YGL241W,829.2618363
YPL125W,1305.5455539999998
YGL016W,1301.97129
YER110C,3689.193273
YLR347C,2466.687916
YNL188W,165.9431332
YJL034W,14571.49213
YPR141C,2187.463603
YCL055W,8199.269602
YMR065W,6287.746229
YPL269W,305.76488880000005
YCL024W,222.31562480000002
YDR017C,853.7808805999999
YFR042W,1529.82339
YHR158C,350.2969341
YGR238C,449.76975120000003
YPL263C,590.8663307
YPL145C,2481.930149
YGL203C,1543.2642529999998
YNL238W,1650.588367
YIL125W,6503.023185
YDR148C,7038.562387999999
YJL094C,1350.718213
YHR102W,692.8983908
YDR122W,1124.918599
YLR096W,771.7016927
YDL108W,929.8316039999999
YAR018C,237.22182659999999
YOR233W,464.08408169999996
YCR091W,508.2804592
YBL063W,217.814266
YPL155C,230.75711189999998
YGL216W,424.23228960000006
YKL168C,704.0260026000001
YDL049C,270.4911072
YLL019C,1362.177486
YHR186C,946.5822645
YNL322C,7331.044275
YDR483W,7734.963140999999
YER038C,230.18708990000002
YNL132W,1010.416841
YOR336W,1340.880185
YPR159W,6194.653106000001
YJL174W,6289.392818
YNL308C,1075.159065
YCL059C,1236.090222
YDR037W,8653.158291
YHR082C,2151.417205
YGR040W,484.51520800000003
YBL071W-A,1211.154967
YKL110C,1827.0928629999999
YOR099W,6382.066595
YKR061W,2417.5867550000003
YBR205W,2794.278592
YBR199W,3063.541204
YNL029C,554.1858532000001
YPL053C,3372.201778
YIL085C,1265.199232
YJL207C,1989.351808
YKL008C,2311.100246
YHL003C,3594.1393909999997
YOL025W,817.9133239
YNL239W,8524.713926
YKR063C,558.2191666
YOR181W,702.963408
YJL062W,1461.76435
YNL071W,10933.4882
YMR296C,4071.0783850000003
YDR062W,5385.275267
YJL134W,1225.8121
YOR171C,915.5953718000001
YLR260W,1259.116781
YDR499W,295.6513537
YER127W,390.3950528
YCL005W,1619.944476
YDL146W,1048.810246
YLL049W,1407.152727
YOR322C,579.8642748
YBL006C,1738.348932
YPL213W,690.3865781000001
YPL054W,1286.016494
YNL323W,1825.286723
YOR123C,969.8733979
YGL009C,3933.6700130000004
YCL018W,1834.2181670000002
YLR451W,459.4685085
YNL104C,12440.428109999999
YHR002W,859.3264323999999
YOR108W,3328.9194820000002
YPL055C,376.4335665
YDL051W,1727.0269289999999
YKL073W,1423.879614
YJR070C,2942.489436
YGL090W,180.44594080000002
YHR156C,356.3258013
YMR298W,5101.21631
YLR239C,508.23714
YOR196C,1476.6651689999999
YFR001W,2037.527543
YJL038C,83.25735568
YKL205W,986.240714
YKL183W,956.6358167999999
YLR011W,1011.107023
YFL018C,9985.993883
YDR503C,1200.202184
YOR084W,534.7551434999999
YCL051W,607.3747351
YDL240W,460.3870119
YNR008W,955.5977398
YHR081W,812.2865062000001
YDR439W,449.1765222
YGR136W,5060.825342
YFR024C-A,2364.876552
YCL034W,1527.671405
YJL100W,619.8726855
YOR142W,10039.592359999999
YGR244C,6231.736796
YGL099W,1520.077004
YJL124C,2661.675774
YHR121W,1991.08802
YBL026W,4794.835411
YLR438C-A,1389.126322
YER112W,1047.3777949999999
YER146W,2286.5870449999998
YDR378C,2051.959929
YNL147W,2109.974991
YJR022W,383.8457186
YPL004C,10785.83977
YKL176C,1587.030289
YGR057C,1089.128177
YNL006W,2369.084519
YAL024C,234.3987957
YPR073C,3081.814929
YKL143W,629.952438
YDL087C,253.8225119
YNL268W,5366.978056
YIR034C,6627.409553
YIL094C,4678.671559
YDR034C,535.2723716
YBR115C,3703.141076
YDL182W,3205.2927809999996
YDL131W,3365.236906
YDR234W,1536.922573
YGL154C,1316.512518
YNR050C,5714.186672999999
YMR021C,845.2686401000001
YGL086W,490.08863489999993
YJL030W,1663.243748
YJL013C,472.43650819999993
YKL029C,931.0364072999998
YDR005C,1233.118695
YER142C,1502.684792
YLR427W,703.7078088
YEL053C,969.1301757000001
YKL021C,903.9946131000002
YAL025C,504.3530307
YDR060W,1373.2274619999998
YPR051W,1458.5852439999999
YCR020C-A,4476.640257999999
YCR019W,1182.419817
YBR142W,1417.356292
YGR289C,420.41285849999997
YGR288W,479.8919847
YBR298C,890.1010342000001
YBR297W,1036.35075
YER106W,100.2970269
YOL060C,1354.980566
YIL070C,1615.549683
YLR244C,3448.4865159999995
YBL091C,2762.867364
YLR163C,1531.742547
YHR024C,2113.018701
YBR185C,1656.095076
YOR298C-A,14056.10825
YDL056W,389.08509280000004
YKL093W,1455.232679
YOR197W,5638.315291
YDL003W,173.8805185
YKL165C,1398.406718
YDL054C,1881.043432
YKL221W,121.07590230000001
YOL119C,1860.345382
YOR306C,1948.445566
YNL307C,2141.936158
YMR043W,1050.996907
YIL150C,120.03360459999999
YPR046W,621.3962889999999
YBL023C,963.6850909
YDR318W,671.7489511
YJR135C,245.6360708
YEL032W,1167.573477
YPR019W,1033.6357070000001
YLR274W,737.7591042
YGL201C,381.30890289999996
YBR202W,823.3594162
YKL150W,11455.67797
YOR221C,1447.464201
YBR227C,1191.2618619999998
YJR024C,2774.877614
YNL173C,1333.269166
YKL085W,10305.289270000001
YOL126C,7771.42451
YDL078C,4569.054172
YFL016C,3829.6673299999998
YNL328C,167.2397659
YLR188W,1487.780978
YPL270W,1364.961879
YML104C,687.5346488
YAL010C,615.4213116000001
YOL009C,835.8229062999999
YOL076W,412.256795
YLR368W,581.6854907000001
YHR194W,1330.0364960000002
YOR147W,1305.202139
YGL219C,1543.854552
YKL053C-A,2281.185274
YPR083W,362.45762260000004
YOL027C,3378.240726
YLR106C,3739.226566
YGR100W,1154.097405
YGL197W,1001.615796
YJL112W,608.9797075
YOL111C,1930.621215
YBR136W,549.4512202999999
YLR288C,447.38003039999995
YPR070W,432.27840210000005
YMR112C,740.6706977000001
YDL005C,450.5460716
YOR174W,1015.19416
YHR058C,369.50075449999997
YOL135C,445.89225439999996
YBR193C,804.8165002999999
YLR069C,1466.667935
YJL102W,1376.189483
YKR007W,848.1079847000001
YER044C-A,130.9679084
YPL121C,59.99547631
YOR351C,122.4049114
YGR121C,2439.132661
YNL142W,635.0561362999999
YPR138C,1553.2995349999999
YNL210W,117.5967696
YGR264C,4268.712831
YKR069W,586.6049741
YFR030W,1208.840492
YPL023C,1119.539915
YGL125W,1009.5004880000001
YKL001C,2529.011661
YPR167C,459.4329521000001
YLR303W,11784.98682
YIL128W,1327.682329
YNL277W,411.2795848
YOL064C,2343.89074
YIR017C,369.97394039999995
YJR010W,1089.3992050000002
YIL046W,1273.3328119999999
YPL038W,549.4242763999999
YDR253C,217.03516919999998
YNL103W,1215.671323
YER091C,10149.99768
YOR241W,1740.383059
YBR213W,257.2830366
YLR017W,2044.468816
YPL169C,1142.872973
YPL187W,145.8675619
YGL089C,270.37580160000005
YDR461W,20351.35118
YNL145W,23334.89224
YDR219C,491.2344697
YML062C,657.2119525
YGR249W,260.54945730000003
YIR033W,729.333699
YOR232W,2711.41812
YOR211C,1236.534163
YJR144W,2210.5916230000003
YCL044C,1308.89529
YPL098C,3632.92716
YMR115W,955.1873437
YNL218W,198.9263558
YDL200C,1037.8501720000002
YJL042W,1972.18183
YDR296W,1082.967599
YLL062C,790.8727173999999
YKL195W,1379.321393
YDR031W,1137.584269
YMR002W,7715.174631
YNL291C,1308.963834
YLR332W,6021.836754
YKL089W,484.27404670000004
YGL035C,491.54561540000003
YGL209W,164.9798281
YER028C,155.4557447
YMR036C,527.1566684
YOL026C,2199.429819
YOR330C,643.588603
YHR015W,121.65789309999998
YJR077C,14170.589680000001
YBR084W,1796.90484
YDR144C,2437.021071
YOR231W,696.0570187999999
YPL140C,554.7172817000001
YNL076W,518.7720918
YNL085W,3668.7051920000004
YGL106W,4588.237905
YPR188C,1980.9496370000002
YNL074C,5156.613364
YMR167W,300.18014960000005
YLR035C,285.01198189999997
YPL164C,314.405724
YKR095W,767.4915464
YIL149C,1199.190952
YNL117W,343.7580756
YIL051C,10111.016109999999
YLL006W,964.4107849
YLL061W,1557.7265
YLR190W,692.5160617
YPR164W,368.78759289999994
YGL087C,2969.111796
YEL019C,108.8614936
YLR320W,424.7690721
YBR098W,277.2027637
YMR177W,379.1559143
YPL224C,854.8979715
YGL183C,97.21285242
YIR025W,197.244356
YOR350C,415.19264910000004
YHR204W,1086.244633
YER001W,477.6147312
YDR245W,2226.6202719999997
YJL183W,2706.634678
YBR015C,2650.771968
YKL201C,998.3911210000001
YJL186W,2300.322239
YPL050C,2841.324039
YGL068W,2099.424239
YKL064W,2947.214274
YJR131W,1375.575161
YGL257C,1303.5416050000001
YIL014W,1510.441489
YNR059W,987.1104998
YIL106W,1914.999068
YFL034C-B,923.1423919
YOR274W,488.8931068
YJR074W,1800.749881
YBL049W,351.2873683
YGL124C,483.20106610000005
YNL297C,1713.296877
YPL082C,448.7031709
YER068W,1030.594595
YMR070W,593.5217034
YNL249C,387.30572889999996
YOR177C,130.46623390000002
YOR288C,1726.938325
YOL088C,1317.705362
YKL059C,419.80641449999996
YIR002C,477.1573837
YDL247W,123.0382953
YJL066C,1620.994249
YJR002W,486.4225808
YNR024W,382.922748
YDL028C,455.8516665
YGL075C,179.1964687
YJL019W,181.80330580000003
YGL178W,2527.6621010000003
YCL061C,481.4145858
YPR112C,520.694935
YMR224C,419.9901971
YGL143C,879.5159898
YDR033W,5375.879644
YGL064C,275.5897335
YPR118W,2283.947604
YDL079C,949.4843718000001
YPR079W,736.3721673
YOR201C,887.2998154999999
YGL136C,1183.497634
YDR347W,1603.689784
YDL045W-A,2249.264633
YGR084C,1310.562423
YKL003C,1853.9329100000002
YPR166C,2291.439076
YDR405W,816.7786678
YBL090W,740.7958408
YHL004W,1677.7333629999998
YKL167C,1555.380158
YPL118W,2762.8870269999998
YNL005C,1180.8392390000001
YKL142W,9451.094339
YDR116C,1442.862176
YNL284C,2098.540595
YDL202W,1137.180803
YKR006C,1766.656985
YLR312W-A,740.7467695
YBL038W,1747.4996600000002
YNL252C,1118.6397279999999
YNL185C,1180.5228240000001
YKR085C,982.2023321
YNL177C,1594.142593
YOR150W,3723.665375
YMR193W,658.2723772
YGR076C,1260.11674
YBR282W,1674.5255339999999
YDR462W,1022.7803650000001
YMR024W,2318.153119
YKL138C,1431.646913
YCR003W,1333.557601
YMR286W,2016.909565
YDR322W,1441.2213160000001
YBR122C,3329.188203
YBR268W,1554.799786
YKL170W,1493.607917
YML009C,3379.968581
YLR439W,1102.132305
YPL173W,836.4659041
YMR225C,1837.7600710000002
YJL096W,1701.835677
YNR022C,1620.211524
YPR100W,2231.736591
YHR147C,1491.4675960000002
YDR237W,1013.056426
YJL063C,1569.2642529999998
YGR220C,2510.191448
YNR036C,4723.47988
YPL013C,1817.510492
YMR188C,1348.835899
YNL306W,2521.000644
YDR337W,1076.337363
YGR165W,802.6328453
YBR251W,1059.723457
YMR158W,1039.5869890000001
YBR146W,2363.27485
YIR021W,1328.439342
YOR334W,382.9945683
YJL133W,894.1995855
YKR052C,838.8755251
YOR370C,1949.6340059999998
YKL009W,2762.838642
YOR066W,757.4472883999999
YKR077W,745.4623687999999
YOR188W,500.5274696000001
YGR014W,2215.934747
YNL293W,922.7727009
YOL112W,806.1333589
YML128C,3976.467926
YDR205W,1025.5990359999998
YLR219W,1212.945807
YOR354C,1333.9873699999998
YHR039C,3229.147738
YPL104W,743.2307063
YOL033W,523.5046495
YPR047W,557.3232867
YNL053W,2321.509762
YHR120W,289.21714130000004
YOL090W,1037.916852
YCR092C,319.5592711
YFL003C,128.0336313
YDL154W,833.7119337
YDR097C,611.750988
YBR195C,544.8390132999999
YNL073W,1863.5848899999999
YIR009W,504.89193059999997
YLR116W,510.6441251
YGR171C,643.4313156000001
YOL116W,534.9685009
YMR037C,923.4518107999999
YKL062W,640.2100153
YDR335W,2854.791532
YNR049C,824.4555113
YGR028W,1885.7847550000001
YHR091C,642.6851737000001
YMR023C,536.2604926
YMR164C,631.9005589
YDR194C,1934.264763
YPR134W,441.1011324
YDL107W,466.0307175
YDR208W,1085.352927
YLR203C,2788.508747
YKL194C,622.6531982999999
YGL051W,823.5277283
YAR033W,571.2826937000001
YDR268W,621.7747927
YPL097W,616.0632539
YJL123C,1056.4693
YKL098W,1207.143678
YGL226W,727.4148428999999
YBR255W,526.8269329
YDR128W,852.4813131000001
YHR151C,815.3352131
YKR080W,1367.683317
YMR228W,590.5223857000001
YDL044C,468.2139448
YMR097C,954.798561
YHR168W,215.23344559999998
YDR277C,1269.0760380000002
YGR023W,771.0765086
YGR257C,1432.564561
YGL236C,340.2266292
YNL063W,1616.502716
YDR140W,1279.003799
YOR160W,1035.780041
YKL186C,1899.9748370000002
YGR158C,622.6949042
YJL050W,1771.9630370000002
YAL034W-A,175.74349119999997
YMR100W,484.3261857
YBR119W,783.674316
YKL074C,693.0902702000001
YPL070W,599.6923191000001
YBR057C,740.868475
YOR298W,169.58157250000002
YGR055W,4567.920682
YHL036W,1128.895786
YDR386W,329.956261
YGR206W,1531.8395460000002
YNR043W,8471.438741
YMR004W,1374.934234
YER042W,2651.620107
YHR023W,347.62472260000004
YOR326W,4127.326257
YKL129C,1131.858075
YAL029C,2227.272691
YMR109W,1618.435939
YGL122C,2337.813261
YPL190C,760.3208541
YML117W,1769.2404510000001
YNL124W,813.638009
YLR382C,535.4913464
YMR080C,1072.582935
YHR086W,946.7204901
YNL137C,1600.6987789999998
YPL126W,866.0663318
YKR048C,2945.187066
YNL240C,756.090624
YIL007C,1060.284254
YGR232W,3080.5982329999997
YDL040C,2893.7169559999998
YGR147C,1679.27761
YPR131C,1407.422684
YMR069W,185.4978624
YOR253W,2037.9465239999997
YOL070C,436.15348150000005
YLR457C,278.50680760000006
YDR162C,526.5242202
YGL091C,852.5277214
YPR155C,956.3747314
YJL116C,1633.250854
YDR397C,1957.797349
YJL205C,2025.656371
YPR149W,15107.835640000001
YNL036W,14751.42951
YBL024W,3220.717229
YHR042W,5551.848706000001
YPL006W,2979.431897
YNL119W,690.0247221
YGL211W,817.818028
YML031W,929.3873705
YOR372C,608.3494984
YMR145C,13209.070670000001
YDL085W,496.87300610000005
YML120C,2480.035634
YOL104C,221.3567358
YLR254C,525.63375
YHR124W,461.969275
YLR265C,668.8905198
YHR004C,810.3780780000001
YIL048W,2631.781981
YJL076W,2411.126443
YPL226W,3454.965728
YOR156C,177.5575802
YCL017C,3647.1616200000003
YKR103W,132.84502
YKL040C,1328.513385
YDR176W,389.25000889999995
YOL042W,1052.545152
YMR285C,624.9550568
YML118W,396.3260915
YBR212W,1805.086411
YLR138W,1623.433916
YDL002C,811.852147
YDL208W,5780.252195
YPR052C,3678.632171
YBR089C-A,2120.5673030000003
YDR456W,2379.136891
YFR002W,1166.260853
YGL221C,4218.992257
YMR309C,2562.815427
YPL174C,187.5365006
YPL211W,3671.7502520000003
YNL078W,1464.1772970000002
YIL164C,1324.650409
YJL126W,607.6814163
YLR351C,4621.272773
YDR383C,1037.80199
YLR315W,384.8994285
YLR328W,1932.118005
YNL123W,3303.575977
YGR010W,604.1551135
YHR077C,787.6603368
YHR170W,1797.637796
YLR363C,1213.512222
YJR132W,1169.6322300000002
YLR195C,1398.156094
YJR112W,358.53085269999997
YGR089W,497.3428444
YLR285W,2180.377445
YOR056C,626.8585046000001
YOR206W,1195.484479
YLR002C,805.8903955
YPR144C,1044.155499
YPL093W,1682.139968
YNR053C,1365.930328
YDL014W,8060.4273650000005
YHR072W-A,6305.173539
YOL041C,1329.946094
YNL175C,996.4283158
YDL148C,650.8549452999999
YNL110C,1696.569984
YER002W,765.6604079
YNL061W,2179.5553210000003
YPL043W,1177.237903
YPL146C,528.8778766
YLR197W,4324.346163
YOR310C,7447.543154000001
YDL213C,1484.5898630000002
YGR103W,1474.3978710000001
YOL144W,361.9601253
YJL010C,639.7342507999999
YIL038C,811.6206513
YPR072W,1739.5704280000002
YJR072C,1348.954043
YDL046W,6651.842439
YDR432W,7108.215959
YBR170C,968.0233950999999
YMR091C,1103.859658
YCR026C,1085.403522
YEL016C,472.1448653
YNL183C,1068.559069
YEL062W,699.7916236000001
YOR209C,4239.577952000001
YGL067W,2525.085911
YGR043C,2503.60161
YNL251C,2158.734915
YDR043C,2482.269662
YBR066C,1122.287663
YNL129W,1748.807898
YNR009W,214.17825980000003
YDL167C,534.4278566
YOR071C,380.9275687
YGL111W,1107.49253
YER126C,1949.0544760000002
YLR007W,1232.695431
YDR288W,679.0886586
YDL105W,195.1688339
YML023C,820.5828713
YHR133C,4502.362657
YNL156C,3518.765952
YPL233W,458.9632459
YJL041W,1772.6370239999999
YGR159C,4104.98531
YNL091W,1466.870445
YJR062C,873.5351263
YBR188C,891.6335562
YML059C,1518.709283
YER009W,11523.18411
YAL015C,676.1448241
YOL043C,644.2003877999999
YDR001C,5054.242982
YBR001C,1454.45025
YPR031W,300.56553419999995
YKR022C,580.7606826
YJL208C,1317.7569460000002
YOR373W,161.30241750000002
YOL069W,252.78518730000002
YER006W,2934.207959
YDR150W,1633.250172
YOR098C,1901.004602
YKL068W,463.5680863
YMR047C,1129.834548
YKL057C,1240.798565
YKR082W,1806.08647
YGL092W,1453.4154119999998
YER105C,1617.4071279999998
YIL115C,2123.75136
YBL079W,1241.32271
YML103C,2194.194809
YJL039C,1554.3672550000001
YLR335W,1660.051436
YDR192C,583.2246397999999
YGL172W,1352.8792349999999
YMR153W,896.2521859
YGR119C,1411.347641
YAR002W,1654.925415
YJL061W,1038.2227189999999
YDL116W,1257.35961
YJR042W,1512.5848939999998
YDL089W,1670.306902
YDL193W,996.0982276000001
YGL151W,1703.9063989999997
YPR168W,287.7109065
YHR195W,1194.975889
YLR093C,4120.829755
YKL120W,1797.1459129999998
YAL051W,669.5200438999999
YKR064W,643.580685
YKL055C,272.85582719999996
YPL052W,1508.814479
YNL099C,1891.841782
YNL056W,1697.0316149999999
YCR095C,695.8523507
YHL029C,1166.500896
YDR067C,1423.070311
YGL038C,1202.216683
YKL134C,337.7482825
YPL134C,3111.8730379999997
YOR222W,3671.679089
YML060W,396.4873924
YGR179C,405.8639237
YBR025C,11385.55794
YGL055W,8201.910990999999
YBR230C,8228.190181999998
YIL136W,2247.4767190000002
YKR087C,1616.6357699999999
YDR316W,719.8992399
YHL020C,759.0220128999999
YOL032W,3314.996469
YJR073C,6152.745696
YJL212C,483.27937419999995
YPR194C,1949.3035739999998
YBR129C,567.6254598999999
YPR075C,2382.857375
YML065W,336.64623900000004
YBR060C,887.1937931
YLL004W,324.7144813
YPR162C,704.6070006
YNL261W,940.4103792000001
YHR118C,440.265613
YGR038W,2289.077437
YLR350W,9290.57346
YOR130C,2469.449049
YDL019C,1250.684271
YHR073W,646.1917283
YKR003W,3416.067661
YHR001W,1746.2976059999999
YJR051W,1865.252359
YJL002C,5628.885578
YOR103C,4280.447319
YOR085W,4378.82111
YDL232W,4007.251257
YGL226C-A,4451.687109
YML019W,2607.7975920000003
YOR255W,98.44204819
YLR054C,593.8030754
YFL044C,1209.505753
YHL013C,469.9458066000001
YER154W,1210.461585
YPL196W,1433.794423
YHR179W,3374.5120520000005
YPL171C,803.1052547
YDR071C,4844.960811
YER165W,11182.170709999999
YOR269W,392.1225172
YGR078C,1156.569148
YDR488C,299.6088357
YER007W,638.7935637
YDR538W,1480.014089
YBR279W,1327.420594
YMR165C,404.4650577
YMR174C,597.0154421
YDR251W,4644.281870000001
YJL104W,1241.642808
YKR065C,5587.776753
YLR008C,1430.756823
YIR006C,3053.625091
YGL094C,1267.446901
YKL025C,1575.159734
YHR063C,3008.1942
YIL145C,2540.790062
YKR002W,1511.0096529999998
YOL115W,426.39245750000003
YCR077C,2021.168504
YJL223C,953.3082152999999
YLL025W,1541.508847
YEL049W,466.358526
YLR461W,1186.793015
YFL020C,306.8382067
YNR076W,1555.079764
YAR020C,245.53789480000003
YLR199C,2018.418668
YNL015W,6468.511485
YCL052C,2200.357687
YGR178C,1344.506825
YBR233W,708.9263278
YDL053C,3329.3947559999997
YJL128C,1464.475885
YBR094W,1238.646291
YBR295W,1403.9790289999999
YKR095W-A,1085.922265
YLR151C,418.1249909
YDR228C,944.2960412999998
YBR186W,74.69843502
YIL071C,337.7884002
YKR097W,510.8251801
YNL289W,76.20802847
YGL134W,903.8333502999999
YDL127W,2904.538565
YHR071W,4136.605406000001
YER059W,716.9826995
YIL050W,1672.046382
YPL219W,857.5901857000001
YDL179W,210.83743909999998
YEL058W,9696.133885
YGR101W,1724.2085129999998
YBR222C,3005.1753949999998
YGR202C,420.5114807
YER178W,17574.09596
YBR221C,12180.9344
YLR044C,25189.35949
YDR081C,454.35223370000006
YLR134W,1288.859482
YGR087C,339.3216682
YGL248W,2757.933704
YOR360C,1059.972049
YPR002W,799.6176335
YCL043C,16670.94614
YGL013C,1078.050242
YOR328W,978.1619332999999
YIL013C,397.03259689999993
YPL058C,1458.380199
YDR406W,815.4069003
YNL231C,1032.8924060000002
YNL264C,819.2722878999999
YBL005W,466.93280589999995
YOR153W,5198.499540999999
YLR266C,427.8983545
YDR113C,440.1091751
YMR076C,602.675616
YGR193C,1110.789045
YBR035C,3845.351694
YER149C,527.3255593
YGR058W,505.46586809999997
YBL017C,4228.872225
YOR036W,2454.30082
YLR148W,581.5710789
YPL154C,16122.390580000001
YMR231W,416.3249518
YDR323C,407.9645559
YJL053W,1746.2627350000002
YCR044C,2878.595578
YFR023W,76.30389770000001
YKR046C,13191.4029
YDR079W,1353.364787
YMR257C,584.3112844999999
YBL080C,305.5397817
YER058W,499.1492256
YER153C,213.17243939999997
YOR158W,1279.004044
YOR017W,275.6583045
YJL023C,471.0068459
YCR020C,1253.2244
YJR034W,1729.235499
YPL159C,1663.3570109999998
YLR067C,272.04774110000005
YNR045W,281.8639537
YGR222W,1898.5182829999999
YNL003C,2484.156477
YBL030C,20709.31518
YKL197C,455.86404969999995
YDR265W,815.0627787000001
YOL147C,3487.1559490000004
YMR026C,1361.544445
YLR191W,809.9284776000001
YGL153W,977.3371773
YOL044W,905.5251025
YNL214W,374.78972930000003
YHR160C,137.9997841
YDL065C,1203.958431
YJL210W,2691.7953620000003
YGR239C,800.7450985
YAL055W,772.1189497
YPL112C,1961.0842760000003
YOR193W,692.3492587999999
YHR150W,534.8399563999999
YDR479C,1771.816979
YDR329C,964.3547079
YLR324W,910.7514851
YGR004W,528.8637596
YBR168W,830.1161867999999
YGR133W,683.3573892000001
YDR244W,512.5190632
YNL329C,796.06199
YDR142C,1256.3026300000001
YGR077C,2626.2086010000003
YNL326C,1222.9189390000001
YOL003C,1500.368091
YDR459C,1186.668043
YJL179W,946.0453097999999
YGR240C,8701.986916
YMR205C,7201.761203
YIL107C,1591.55386
YOL136C,873.1110582
YHR185C,63.82392037
YNL317W,899.5118551
YOR122C,10508.04299
YNL158W,798.0544977999999
YNL149C,2133.381684
YML125C,3128.582867
YPL206C,4647.415005
YGL025C,644.7879724999999
YBR196C,15755.55126
YCR012W,25880.79362
YKL127W,6240.168982
YMR105C,7750.2366090000005
YCL004W,770.8392081000001
YJR153W,310.622079
YNL316C,720.9444163
YGR132C,3399.3490229999998
YGR231C,4591.39997
YKL043W,3689.818672
YDR281C,666.2111012
YOL084W,1139.1392560000002
YER037W,856.0227769999999
YDL236W,4426.862911
YDL106C,562.8983344
YNL097C,317.6228325
YBR092C,1396.305943
YFR034C,396.44077460000005
YBR093C,276.86151839999997
YDR481C,1844.291923
YOL001W,1529.725716
YGR233C,3012.017801
YML123C,388.1839175
YPL031C,2186.324439
YJL117W,4063.646882
YCR037C,1424.921806
YBR106W,9529.931073
YBR296C,519.1573817
YJL198W,919.0443382000001
YNR013C,2994.27048
YOR386W,299.9764051
YJL097W,4074.7246520000003
YDR313C,1085.433693
YGL023C,571.1373137
YER053C,9231.944928
YML061C,577.2141511
YLR273C,107.2502
YIL045W,625.4366951000001
YHR034C,535.8458841
YNL267W,783.8345421
YGR086C,9562.196392
YBL022C,1951.2625649999998
YOR104W,1467.609534
YPR154W,3287.548054
YBL051C,1824.7963739999998
YOR363C,521.5323024
YKL164C,3670.018937
YKL163W,3985.4251299999996
YPR113W,7024.753159000001
YBL105C,1032.479796
YDR490C,1163.326992
YOL100W,387.4382318
YDR466W,805.7815627
YIL042C,1080.870114
YGL059W,961.8832387
YMR123W,2980.2666719999997
YMR008C,7629.685458
YMR006C,211.8362227
YOL011W,2623.466003
YPL268W,647.8072746
YDR501W,172.24833950000001
YDR183W,706.255269
YOR281C,1259.371903
YGL008C,9395.003606999999
YPL036W,225.81854390000004
YGL006W,2805.878712
YER132C,3164.345109
YER003C,5207.760199
YLR016C,528.1852063
YML107C,787.4122105
YCR024C-A,6896.196062000001
YEL017C-A,5365.890816
YDR276C,13998.899269999998
YGL167C,4855.62799
YNL082W,285.6092153
YDL095W,3566.033378
YAL023C,4302.22417
YOR321W,1048.208479
YJR143C,2989.130721
YDL093W,409.464217
YGR199W,2774.5266420000003
YKL128C,8722.307475
YGL037C,11386.639940000001
YPL096W,838.4555449
YOR145C,1511.788494
YLR209C,3392.913521
YOR161C,1441.528061
YOR266W,352.8479442
YBR022W,1072.075893
YML069W,2182.475997
YPL144W,1641.136655
YIL122W,392.8134798
YNL102W,791.597138
YBL035C,469.1260681
YNL262W,813.319601
YDL102W,514.4395378
YBR088C,3129.932436
YJR006W,964.4737703
YJR043C,468.94941439999997
YCR014C,308.9326481
YEL055C,834.4649097
YMR129W,1260.334505
YLR018C,1056.435506
YNL221C,483.2029659
YNR052C,2551.075109
YNL282W,468.4784963
YBR257W,604.4858839999999
YAL033W,1762.693513
YGR030C,831.4084656
YBR167C,837.6592041
YBL018C,618.1795503
YIL114C,1374.672762
YPL188W,2030.0786679999999
YIL160C,1471.985146
YGL205W,151.4923453
YMR267W,1352.8216
YHR075C,799.150623
YNR032W,2613.775581
YDL134C,3434.611337
YDL188C,3072.739439
YDR075W,322.8886514
YDR435C,3147.767213
YOL141W,97.47005676
YDR452W,3851.029318
YPL179W,2082.558343
YLR014C,396.0417334
YBR276C,1501.0478890000002
YGR123C,747.5854627
YPL148C,1089.829604
YHR201C,1993.1497570000001
YML016C,2294.004333
YDR436W,776.8542042
YEL060C,7555.683926999999
YMR297W,9614.494784999999
YCL057W,3477.3061299999995
YER012W,6244.26822
YOR362C,6043.434392
YPR103W,7914.391881999999
YJL001W,7088.210109999999
YFR050C,7328.946565
YMR314W,4997.621911
YOL038W,7244.972847
YBL041W,6019.188263
YML092C,6773.997396
YGR135W,5801.1732520000005
YIR008C,881.8611596000001
YKL045W,727.5590005
YIL095W,438.0652505
YNL279W,10404.377040000001
YJL108C,3513.9117420000002
YIL037C,6410.234953
YPL192C,6499.464293
YPL156C,10969.7618
YIL117C,11375.14125
YML047C,6913.399367
YDL039C,887.9354289999999
YGL053W,8000.982018000001
YAR031W,153.4518125
YDR300C,1302.5340529999999
YOR323C,4787.455072
YER023W,10855.59378
YDL043C,546.3847132000001
YKR086W,498.5883755
YGR006W,202.6013743
YLL036C,976.9465048000001
YNR011C,230.69984790000004
YJL203W,573.7328443
YER013W,544.5101182999999
YMR268C,217.3730736
YDR243C,349.4522503
YDR473C,487.1957642
YGR091W,411.4105787
YGR075C,504.0424575
YML046W,2111.151821
YPR178W,741.5104717999999
YKL012W,1168.145352
YDR235W,1217.135732
YGL120C,1905.539259
YAL032C,443.20116449999995
YPL151C,463.3117275
YBR237W,559.173995
YBR055C,630.3752835
YHR165C,1167.389876
YDL030W,260.7394329
YKL116C,799.6414835
YDL214C,138.0826751
YKL181W,5585.628475
YER099C,1286.666876
YHL011C,6841.196244
YBL068W,2748.34376
YOL061W,4580.459175999999
YOR361C,3067.744361
YBL064C,5115.672659000001
YJL079C,1845.523668
YKR013W,13916.88214
YJL078C,797.9022414
YDL055C,9452.752956999999
YNL169C,1764.8447820000001
YGR170W,694.9558799
YMR308C,4904.866764
YDR013W,764.6142557000001
YJL072C,732.5855851
YOL146W,1299.692077
YOL054W,574.2459579
YAL017W,1821.996319
YOL045W,744.8775672999999
YMR137C,448.781522
YDR505C,1474.8619800000001
YML017W,267.0548338
YLL010C,866.1121198999999
YLR019W,1219.294376
YDR055W,6953.128516
YDR032C,12094.269890000001
YNL201C,664.4001013999999
YLR376C,341.1902072
YBL046W,462.5090541999999
YAL043C,976.0550129000001
YDL006W,656.821656
YER089C,1728.6704170000003
YBL056W,2874.834213
YBR125C,2107.111364
YOR090C,1110.082744
YCR079W,1029.806026
YHR076W,1066.309202
YHR189W,285.1144227
YBL057C,1685.1034309999998
YGR156W,575.2694551
YKL198C,342.32458199999996
YJR059W,1242.674121
YKL039W,3852.6221219999998
YDL230W,1282.772332
YOR208W,2878.220652
YER075C,408.7655062
YKR093W,6614.181792
YFR029W,510.3971695
YNL016W,5368.180098
YPR042C,835.6257973999999
YLL013C,743.912579
YGL014W,1294.216954
YDR496C,1637.272617
YER185W,1163.22272
YOR157C,4850.704738
YGR253C,5505.58475
YER094C,5977.142296
YPL212C,885.6686488
YGL063W,223.95149359999996
YNL292W,673.2351317000001
YLR165C,704.7117068
YGR169C,501.6098438
YOR243C,984.0856302000001
YDL036C,285.2371521
YLR142W,1581.306977
YHR037W,4304.015950999999
YKL015W,528.7433326
YOR348C,2518.551958
YLR196W,1692.6773219999998
YCR057C,681.2744943
YPL147W,278.18934310000003
YKL188C,354.74438100000003
YKR090W,373.38587739999997
YGR280C,716.9092159
YGL062W,4468.841077
YBR218C,4776.548795000001
YOR347C,3571.648093
YPR186C,384.4490669
YHR001W-A,10987.55355
YPR191W,9159.988879
YFR033C,7951.028645
YDR529C,14818.3408
YJL166W,12274.65743
YGR183C,9783.665114
YIL120W,582.1645783
YIL121W,904.2824864
YBR043C,857.6341213999999
YHR074W,3774.402779
YDL103C,1326.110401
YLR204W,728.2795137
YDL104C,391.7888129
YPL022W,914.9280008
YML095C,327.4127662
YMR201C,372.2411162
YBR114W,490.3080801
YOR368W,311.48553530000004
YCR066W,298.89685519999995
YGR258C,580.3371846
YEL037C,2257.865198
YER173W,365.9771599
YJR035W,374.798052
YKL113C,518.1326936
YDR030C,284.39903369999996
YER171W,957.6593575999999
YDR419W,222.6253923
YML011C,1099.359962
YDR314C,101.7287594
YER162C,276.4431332
YLR032W,246.8130602
YNL250W,317.29342369999995
YER095W,2898.297461
YML032C,435.0262199
YPL153C,127.33042830000001
YGL163C,594.5835012
YDR076W,230.1513251
YDR004W,738.7317327000001
YDL059C,355.6450095
YGL058W,1559.9412630000002
YDR014W,161.7294215
YJR052W,916.4624122000001
YDR217C,497.0715613
YGL246C,505.0515816000001
YDL090C,987.1761612
YKL019W,2262.880169
YNL216W,568.0470335
YOR101W,1213.254572
YNL098C,3204.5199190000003
YOR048C,1247.07982
YJR033C,1012.908808
YDR202C,1439.482459
YOR301W,513.9300668999999
YLR084C,545.8162902
YDR527W,670.0757919
YPL246C,6245.017689
YAL036C,3345.838288
YGR173W,1185.088526
YCR036W,2678.7288
YOR265W,1820.50265
YDL189W,885.4259222000001
YMR274C,441.9996494
YGL158W,99.27790601
YLR248W,4334.034252
YOL010W,682.6471869
YKL159C,1233.7106
YMR075W,287.05840950000004
YBR005W,2826.09013
YDR003W,2787.329217
YJL204C,620.4098558999999
YBR073W,926.0780172
YDL135C,8583.842965
YOR380W,970.8199332
YCR106W,310.1683309
YPL133C,439.79176789999997
YPR094W,1860.295236
YBR049C,299.1808211
YLR329W,154.0843
YHR157W,351.69156739999994
YJR021C,345.97746980000005
YMR133W,70.43422601
YPR007C,115.6920252
YLR263W,511.40592919999995
YJL217W,105.68624809999999
YDR195W,818.0249834
YDR028C,1154.671235
YBR050C,353.4377913
YLR387C,2047.953352
YBR267W,502.0480633
YCL001W,3838.261029
YBR002C,741.5136632
YOR207C,2649.728352
YFR051C,3637.267558
YPL010W,4006.0911520000004
YOR346W,687.8736012999999
YPL167C,368.1392018
YIL139C,646.1747149
YLR059C,2881.5243649999998
YLR107W,1544.500851
YOL080C,313.0662648
YAR007C,2038.020678
YNL312W,1985.484011
YJL173C,2280.643645
YOR217W,711.1233413
YJR068W,1481.527916
YNL290W,812.8406859
YOL094C,632.5155018999999
YBR087W,1081.244103
YOR279C,184.08723659999998
YBR052C,4973.934117
YBL020W,1179.187505
YLR176C,660.4665014
YOR127W,1814.998244
YDR379W,725.4390857000001
YBR260C,723.6126364
YFL047W,1195.4514550000001
YMR182C,885.8685146
YDR137W,1230.191224
YLR071C,879.3115218
YOR107W,168.9105366
YKL038W,899.0260673
YDL138W,451.15225630000003
YCR027C,1288.7162939999998
YPR165W,11636.7634
YNL090W,2375.589712
YIL118W,1712.174553
YKR055W,979.8387742000001
YNL180C,2175.919476
YNL163C,690.8653631
YBL033C,1401.324741
YOL066C,719.9721948
YDR487C,7197.778182999999
YOL143C,9554.785525
YBR256C,6911.581784
YBR153W,819.9520111
YLR039C,1023.2486759999999
YBR275C,204.8220638
YLR453C,229.04758109999997
YCR028C-A,8256.142992000001
YHL027W,1326.788212
YMR139W,2728.774882
YMR154C,296.87642719999997
YFL033C,528.0721348999999
YBR192W,559.6496811000001
YOR275C,587.7525516
YNL294C,1674.9099720000002
YHL024W,644.0925669
YGL045W,682.7171539
YMR063W,151.8820254
YOR119C,1105.965844
YNL207W,760.0217424
YEL024W,10949.45515
YMR283C,621.0331071
YHR197W,650.7450415
YLL034C,502.51929
YOR095C,5338.925029999999
YPL208W,902.9974338999999
YDR198C,547.0056787999999
YBR030W,513.6520287999999
YDR257C,1085.582844
YMR247C,2150.398707
YPR018W,204.0877639
YDR091C,3206.47688
YPL089C,2110.6386420000003
YLR009W,2317.847463
YNL002C,2502.882336
YKL132C,283.379339
YDL001W,690.3774056
YDR255C,578.5266046
YEL072W,380.246124
YFR048W,1027.797951
YGL107C,719.4345793
YGR044C,1540.155898
YPL024W,571.5970103999999
YEL050C,1651.605083
YLR145W,357.90750739999993
YGL250W,903.1947954
YDR465C,1278.511641
YMR235C,4113.753572
YMR061W,590.6134756
YGL044C,1007.494824
YMR234W,364.7474096
YNL072W,281.1266412
YDR279W,814.4331491
YLR154C,1494.582365
YGR276C,920.5921981
YLL046C,97.57047517
YCL028W,2323.331928
YER070W,429.9909558
YJL026W,9366.72443
YIL066C,802.6923911
YGR180C,11466.93058
YMR239C,326.70865039999995
YPL123C,1367.549781
YOR018W,816.6598113
YGL144C,320.9819644
YFR022W,739.8892643999999
YGL171W,830.3422817000001
YGR070W,989.5249595
YLR371W,1254.0949449999998
YMR200W,3523.654885
YBR229C,2886.300209
YPR065W,3126.943441
YBL093C,887.9925602
YJR063W,2181.635006
YPR010C,3602.327146
YDR156W,3227.391141
YOR341W,3034.3361210000003
YJL148W,2129.4034269999997
YOR340C,1217.4156369999998
YNL248C,1728.6271100000001
YOR210W,3234.130979
YOL005C,3194.4962600000003
YOR151C,3381.529675
YIL021W,1529.8410900000001
YJL140W,1614.082467
YBR154C,2517.9894670000003
YDR404C,3774.649465
YOR224C,7026.887884000001
YGL070C,1431.749965
YHR143W-A,3611.5861590000004
YDR045C,2080.926203
YJL011C,557.6156067000001
YNL113W,1905.502536
YKL144C,795.8296217
YNL151C,803.930203
YNR003C,654.0520632
YKR025W,657.9244651
YPR110C,2767.32617
YDL150W,390.6176162
YPR190C,919.3350977
YNL330C,2160.9536160000002
YJL121C,7569.664445
YHR088W,582.2868121
YKR081C,1400.3311390000001
YBR079C,2760.561186
YER169W,718.6647857
YIL119C,561.6191328
YLR075W,23304.21257
YPR102C,11209.47623
YGR085C,16678.58108
YEL054C,10995.68843
YDR418W,13168.42305
YDL082W,8646.764883
YMR142C,12872.047620000001
YKL006W,16369.234830000001
YHL001W,8300.365552
YLR029C,11833.05086
YMR121C,1131.655092
YIL133C,17521.58735
YNL069C,18603.362830000002
YKL180W,15353.05666
YJL177W,10438.203790000001
YOL120C,15894.71662
YNL301C,2913.8276969999997
YBR084C-A,7516.6532290000005
YBL027W,10813.44292
YMR242C,13310.4347
YOR312C,13694.22693
YBR191W,17346.785819999997
YPL079W,16678.889890000002
YLR061W,15173.53065
YFL034C-A,2486.402333
YBL087C,13436.0376
YER117W,12436.71258
YGL031C,17001.608640000002
YGR148C,14247.78716
YOL127W,19509.74103
YLR344W,14274.86481
YGR034W,10776.97607
YHR010W,14389.21186
YDR471W,10552.57401
YGL103W,20434.29125
YFR032C-A,14261.176619999998
YFR031C-A,10900.96218
YIL018W,11567.42929
YOR063W,17266.12798
YGL030W,20289.00173
YDL075W,17216.37876
YLR406C,9834.4928
YBL092W,17292.20178
YPL143W,18626.58018
YOR234C,9172.356844
YER056C-A,8460.903892
YIL052C,12302.19309
YMR194W,13180.60419
YPL249C-A,18564.35794
YLR185W,16574.76236
YDR500C,15216.91033
YLR325C,11010.53484
YJL189W,11838.34383
YIL148W,15866.300490000001
YKR094C,10143.35807
YPR043W,19416.08333
YJR094W-A,16601.20969
YDR012W,7558.65754
YPL131W,22172.87674
YML073C,14592.568440000001
YLR448W,14065.450980000001
YHL033C,17327.29738
YLL045C,16233.684269999998
YGL147C,10315.59038
YNL067W,6855.909718999999
YML091C,2573.438604
YHR027C,4875.718390999999
YHR200W,3553.508308
YFR004W,2993.89858
YFR052W,5284.674511
YLR421C,5132.469594
YGL004C,1264.001839
YIL075C,5749.739015
YER021W,3508.972792
YDL020C,5122.748761
YDL147W,3647.5344130000003
YDL097C,3970.7563149999996
YPR108W,4177.173933
YOR261C,4611.670297
YDR427W,4252.265300999999
YDL140C,4083.949836
YPR187W,3706.1962590000003
YOR116C,1419.4246890000002
YFL036W,1129.387053
YLR340W,22351.52495
YHR062C,607.5670727
YDL081C,15503.979730000001
YDL130W,18662.54252
YOL039W,17512.28875
YDR382W,19907.92932
YIR015W,228.5901812
YGR214W,11632.65582
YLR048W,15157.41898
YOR293W,10703.04185
YMR230W,7399.310283
YDR025W,12769.23489
YBR048W,10385.66135
YOR369C,21579.22602
YDR064W,21971.19432
YCR031C,17883.56131
YJL191W,6239.558683
YOL040C,23398.40291
YMR143W,10490.59843
YDL083C,16525.72771
YML024W,16355.789130000001
YDR447C,11677.637009999999
YDR450W,13888.660440000001
YML026C,12983.382020000001
YOL121C,9170.928037
YNL302C,14128.62254
YLR441C,8017.750106999999
YML063W,12018.82246
YGL123W,20138.23093
YHL015W,14986.795390000001
YKR057W,19829.30389
YJL136C,21489.16477
YJL190C,11731.28652
YLR367W,7675.044742
YGR118W,12276.59878
YPR132W,9914.7903
YER074W,15924.22367
YIL069C,13045.457540000001
YGR027C,13392.72583
YLR333C,13177.26144
YGL189C,15082.836919999998
YER131W,12834.04307
YKL156W,8699.796297
YHR021C,16858.049759999998
YOR167C,11570.82704
YLR264W,9136.732322
YLR388W,15478.965119999999
YDL061C,16834.65697
YNL178W,21352.61659
YLR167W,19108.72456
YJR123W,20116.363530000002
YOR096W,14744.36555
YNL096C,10127.54393
YBL072C,16242.030509999999
YER102W,17773.24653
YPL081W,2026.7120079999997
YBR189W,14733.31135
YKL145W,4655.00213
YDL007W,3167.386691
YDR394W,3881.5481979999995
YOR259C,3865.429106
YOR117W,3557.0596219999998
YGL048C,6591.096424
YMR131C,2107.5281370000002
YIL153W,1559.6360539999998
YPL152W,868.4792259999999
YHR038W,548.4477272999999
YDL216C,277.25143239999994
YOL117W,385.4963576
YHR031C,213.40646030000002
YBL025W,492.5609283
YML043C,823.0175833
YKL125W,674.6669636
YLR141W,214.33564750000002
YBL014C,442.35027130000003
YJL025W,257.9444097
YMR270C,434.3168903
YDR087C,1085.685262
YPL012W,1375.442292
YKL082C,835.4818273
YPR143W,1321.512647
YDR412W,509.4109938
YHR065C,1113.185593
YHR069C,1297.8099300000001
YOL142W,1944.350459
YDL111C,2069.296223
YCR035C,1226.191755
YDR280W,1393.612844
YGR095C,1698.927716
YMR229C,2325.171583
YOR001W,1385.109968
YCL031C,1097.293996
YDR083W,792.4207140999999
YPR137W,708.2674082999999
YOR294W,958.3757535
YPL193W,455.1903148
YLR221C,1122.62122
YCR072C,958.1800491
YOR049C,127.126717
YGR056W,719.8811086000001
YLR357W,571.2888949
YDR303C,894.1877820000001
YHR056C,2362.3927280000003
YKR008W,548.7989294
YLR033W,475.135926
YCR052W,1046.647869
YFR037C,1401.671432
YML127W,1659.674159
YML049C,976.0418348
YMR030W,585.4693095
YJR127C,725.1329224
YDR041W,2982.870838
YER050C,1809.175314
YNR037C,1600.802557
YKL155C,504.37014270000003
YGL129C,891.4943665
YDR175C,955.8729996
YIL093C,584.4022434999999
YJR101W,2249.263957
YGR215W,1851.437527
YDR494W,999.8105065
YJR113C,1167.671507
YMR266W,1940.323868
YER125W,3593.999818
YGR152C,1176.414392
YGR213C,537.9163432
YOL138C,731.4943491
YBR147W,1090.594301
YHR087W,6444.929309
YNL254C,265.2434126
YOR118W,777.741393
YPL183W-A,3023.7068329999997
YGL244W,1194.941058
YOL067C,201.65434919999998
YGL252C,3549.131755
YBL103C,458.0921715
YDR233C,13343.41035
YDL204W,1926.260393
YER139C,511.1158846
YDR066C,468.5839609
YOR014W,1792.216009
YOR077W,228.2096795
YGR161C,5483.537275
YPL183C,884.0880002999999
YJL047C,306.7873108
YGR275W,1446.331218
YDR289C,384.809263
YER104W,379.9478153
YNL206C,578.6325863
YHR154W,239.0799043
YLL002W,348.9772803999999
YDR139C,2069.869362
YOR216C,572.0036852999999
YOR138C,1608.7774539999998
YDR190C,2716.7257019999997
YPL235W,2252.787157
YCR009C,11181.785
YDR388W,5338.293764
YBR095C,807.3445730000001
YDL076C,980.1105248
YKL212W,3622.2074509999998
YDR159W,706.5743888
YDR129C,6416.717463
YDR389W,755.9946361000001
YFR005C,974.9667062000001
YGL175C,71.43062695
YHR079C-A,59.59931978
YBR280C,898.5684964
YJR004C,1889.8544219999999
YER043C,15110.90885
YER129W,547.5253723999999
YNL083W,448.761779
YLR180W,7820.773039
YDR502C,5796.016482999999
YPL274W,2000.505857
YHR083W,1894.972164
YMR060C,682.4071567000001
YPL273W,4482.019814
YNL026W,2253.8997280000003
YDR143C,938.8968919
YER047C,503.2228695
YFR040W,534.8384532
YJL098W,405.0296262
YKR028W,1379.4991619999998
YMR263W,498.19503719999994
YGL229C,469.96199569999993
YPL218W,9679.798031
YDL153C,925.8892788999999
YMR127C,259.2484949
YBL052C,477.66855039999996
YDR181C,496.87439720000003
YOR213C,825.2605296
YCR008W,2391.095694
YAL027W,376.6833105
YGR263C,932.3921985999999
YKL117W,6798.208870999999
YDR351W,1474.624159
YHR103W,1421.1322400000001
YER087C-B,4517.625926
YER019C-A,5535.528818
YHL034C,9163.856869
YDR180W,457.4083206
YER147C,726.6947347
YOR329C,816.9834284
YPR129W,1175.450677
YHR205W,2005.6244
YMR214W,1542.70044
YGL011C,6562.465035
YDL139C,303.9868673
YGR049W,1553.6902
YBR037C,1126.873284
YBR024W,1298.762432
YOR367W,1983.4588829999998
YJL080C,4403.279815999999
YER120W,8249.362837
YBL091C-A,1260.7526
YGL126W,2027.8816
YMR272C,4773.016357
YBL011W,1098.952023
YMR305C,18613.305969999998
YGL028C,1515.910758
YGR279C,14475.3108
YGL083W,479.46094860000005
YGR245C,1291.0133210000001
YDR469W,1035.778926
YKL148C,8203.274342
YLL041C,11060.78757
YKL141W,7956.743138
YDR178W,10344.05135
YLR022C,1020.345192
YIL113W,601.8427781
YKL193C,1598.070807
YGL056C,2025.560491
YBR214W,5526.243
YIL084C,209.22831259999998
YGL224C,1714.1521649999997
YDR164C,1039.720228
YLR166C,940.5065252999999
YIR022W,3762.575464
YNR026C,750.7731582
YLR208W,6469.1606280000005
YMR079W,4295.149443
YGL233W,913.4700839999999
YPL085W,600.0050848999999
YBL050W,3668.808373
YBR080C,3105.3536440000003
YNL272C,988.185175
YDR498C,923.2555587000002
YNL287W,3032.780111
YLR268W,3433.231418
YPR181C,5176.984357
YIL109C,4102.493820000001
YDR238C,3842.081404
YGL137W,2994.346559
YIL076W,5543.709524
YER008C,1493.849649
YDL195W,3993.238971
YLR440C,549.0873372000001
YFL005W,5265.688314999999
YDR166C,1362.538108
YFL045C,9853.232736
YMR013C,634.0466468
YIL068C,1033.374003
YLR378C,10802.139
YPL094C,4638.124177000001
YOR254C,2741.284143
YML105C,2265.376922
YBR171W,2868.616625
YDR170C,2746.227745
YLR292C,3228.771109
YPR055W,903.9659761
YGR009C,1026.918141
YDR077W,19535.0317
YCR067C,1961.140355
YLR026C,344.6056238
YBL066C,445.1011011
YGL100W,1760.401053
YDR363W-A,3635.4805929999998
YLR430W,1251.40828
YMR059W,548.1442806
YLR105C,942.9306362
YAR008W,298.5066298
YPL083C,874.6030299
YAL067C,207.761417
YOR184W,3535.0699409999997
YGR208W,1194.21611
YER081W,3928.9860689999996
YIL074C,2491.913043
YDR023W,6725.292547
YHR119W,816.6090616
YJL168C,385.36361969999996
YKR029C,484.4622307
YJL105W,88.27097836
YHR207C,684.0841455
YPL165C,121.09344159999999
YOR165W,1438.180815
YDL168W,8360.384377
YNL049C,1069.661759
YHR098C,3489.1748850000004
YJR095W,257.58617000000004
YOR315W,360.41893639999995
YLR321C,805.2113739
YJL145W,1872.260202
YLL003W,407.88525980000003
YKL051W,3080.236147
YOR140W,661.9179257999999
YLR403W,684.5888566000001
YKL006C-A,1536.283708
YBL102W,4308.421175
YIL099W,352.507051
YLR336C,998.3823597999999
YPR198W,2741.113252
YPL047W,977.7971775000001
YCL010C,319.5794532
YGL066W,663.0429387999999
YJR134C,282.94419500000004
YIR001C,1975.4344989999997
YOR073W,496.5975768
YMR190C,243.45742650000003
YOR057W,1770.1241530000002
YOR007C,7095.932917
YPR161C,780.8438160000001
YER096W,272.4070542
YBL031W,203.5544055
YGL228W,2681.7428640000003
YKL130C,965.5151248999999
YBR130C,959.4346652
YOR035C,1479.791344
YDR393W,203.3953795
YBR258C,919.2744742999998
YBR263W,7368.984090999999
YLR058C,4349.917042
YER118C,1595.591967
YBL058W,3676.872917
YIL104C,234.97874769999999
YDL212W,7630.813302
YOL110W,1366.122744
YDL225W,1921.9083890000002
YHL006C,343.05379439999996
YDR078C,701.5239405
YGR112W,735.3885134
YOR137C,891.0530738
YLR079W,600.184801
YBR103W,798.5020003
YOL031C,836.6676432999999
YIL123W,6703.6474020000005
YOL004W,1676.704442
YNL236W,1244.766575
YDR422C,707.700576
YMR175W,259.8237015
YGL208W,782.9747005
YNL257C,1038.950656
YJL089W,193.19667719999998
YMR140W,535.1392228999999
YKR101W,402.10783230000004
YDL042C,456.2129722
YLR442C,693.4368618
YDR227W,624.2838829
YNL007C,9173.183537
YKR072C,677.0589223
YEL065W,870.3889992999999
YDL047W,2509.1230600000004
YNL032W,1081.068333
YDR409W,344.30906219999997
YKR100C,1270.648876
YLR187W,516.5615668
YHR149C,337.7215498
YLR398C,2038.193143
YPR189W,866.1369953
YGR195W,1664.693649
YOR076C,571.5040773
YGL213C,2149.934545
YOL113W,919.7349247000002
YGR143W,1637.454199
YHR206W,1373.489306
YNL167C,1758.9246640000001
YDR328C,3207.018131
YPL026C,506.13065199999994
YBL061C,1748.244085
YMR216C,1374.924438
YBL007C,2402.846177
YNL243W,2053.992917
YDL052C,3362.601943
YKL108W,152.04776230000002
YGL113W,215.43803540000002
YDR489W,687.6662431
YDR515W,245.9483208
YOR008C,1621.572353
YGR271W,833.4268652000001
YGR212W,313.44048680000003
YBR156C,1027.578861
YOR195W,579.4991447000001
YIL105C,849.0237477
YNL047C,371.928449
YDL033C,303.122375
YBR077C,1872.064427
YCR024C,1597.0069529999998
YIL147C,642.7595734
YER180C-A,122.8980852
YOR154W,588.6855652
YLR139C,306.30620869999996
YHR030C,8529.823620000001
YDR088C,636.1174531
YBR228W,740.6939419
YLR135W,316.0938134
YDL013W,721.6228643
YER116C,638.8630954
YGR081C,818.2952401
YDR189W,1561.1923980000001
YOR307C,1502.119474
YNL196C,118.1631675
YPL027W,82.15763565
YML066C,104.2603523
YER029C,575.1070037000001
YFL008W,564.4055722
YFR031C,828.3176662000001
YJL074C,498.4504178
YLR086W,341.3480829
YOL034W,473.6917618
YLR383W,455.58038960000005
YGR074W,842.4004568
YLR275W,1330.9282039999998
YLR147C,1081.1513810000001
YOR159C,782.5211144
YOL122C,2572.844896
YHR050W,1779.001359
YLR034C,2306.710706
YGR229C,847.9040025
YPR054W,219.63801349999997
YML058W,9706.875362
YNR015W,1047.511759
YBR182C,368.444435
YOR149C,747.8026872
YDR510W,5324.110151
YFL017W-A,1652.9261490000001
YPR182W,2635.569786
YKL079W,975.4110301000001
YBR172C,568.234797
YDR525W-A,6633.150939
YJL151C,8659.185732
YDL123W,1955.790616
YAL030W,2747.076432
YOR327C,3982.9966630000004
YDR477W,1289.739625
YDR073W,1414.0484529999999
YNR023W,561.7330337999999
YOR290C,1020.0523300000001
YDL194W,632.5037176
YGL115W,2281.761857
YBR289W,761.7090887
YHL025W,755.9084521000001
YLR025W,1747.295383
YPL002C,1153.902061
YGR197C,4444.648743
YIL016W,128.6263097
YDR478W,488.5574971
YMR095C,217.20692880000001
YIL061C,374.56892489999996
YDR011W,5098.103624
YCR033W,938.1763114
YGL131C,283.88603739999996
YPR101W,1259.799198
YKL173W,936.0431794
YEL026W,13774.53587
YDL098C,440.19100489999994
YDR240C,713.8692482000001
YOR308C,258.4310157
YGR013W,519.8154036000001
YOR357C,1533.685632
YJL036W,785.3392263
YDR425W,461.1651127
YMR096W,1134.506756
YJR104C,18434.79783
YHR008C,11489.03805
YLL011W,911.8175651
YOR353C,635.9580497000001
YGL127C,1430.329555
YDR006C,1660.2867130000002
YMR016C,1275.949824
YNR034W,704.401862
YCR073W-A,3979.239042
YHR163W,5013.04329
YGR248W,2503.7883850000003
YEL059C-A,1365.236744
YJL192C,5025.602683
YMR066W,226.21798819999998
YLL021W,709.7826524000001
YCL054W,944.5965573999999
YFL002C,855.9159433
YJR010C-A,2499.7737309999998
YGL093W,611.6897488
YDR356W,297.5860745
YDR201W,605.228019
YML055W,3506.5245549999995
YMR117C,72.9690809
YER018C,2057.6145530000003
YPL124W,187.60312869999998
YLR066W,4267.056686999999
YKR037C,458.66126219999995
YKL042W,638.1839367
YAL047C,212.22422059999997
YHR172W,237.2142366
YNL126W,207.6135755
YKL184W,4332.42697
YOL052C,1624.511917
YPR069C,5431.38966
YLR146C,2881.815987
YEL031W,5796.380354
YGR236C,196.371701
YDR504C,3075.240313
YMR107W,687.0056807
YMR191W,3295.1641870000003
YLR313C,344.15777119999996
YER150W,6530.431434
YHR136C,97.68357162
YPR133C,1958.407026
YNL012W,659.221779
YHL022C,441.0037744
YHR152W,2043.731047
YHR014W,111.4150235
YKR031C,1184.188058
YHR153C,170.8693232
YPL130W,101.0190161
YMR017W,98.57600019
YOL091W,180.9874938
YIL073C,187.00828
YBR250W,143.0706595
YAL009W,907.4233754
YDR104C,438.8431489
YER046W,976.0055705
YGL170C,62.3038411
YLL005C,189.8368095
YLR341W,97.39924941
YPL138C,440.74699239999995
YOR148C,982.7250129
YBR152W,90.27123487
YLR424W,238.2282398
YDR464W,406.5768443
YOR190W,104.4719763
YDR218C,88.34319001
YGR059W,91.73073981
YER115C,796.7360267000001
YDR523C,118.4980271
YHR139C,182.8390178
YNL204C,309.98992410000005
YNL202W,1404.7058769999999
YDR522C,98.96163893
YCL048W,281.6725588
YOR313C,97.3144855
YJL127C,219.85965330000002
YPL175W,628.0334713999999
YER148W,4112.843664999999
YGL207W,1907.313177
YER161C,346.0426107
YOL148C,594.4533275
YMR179W,271.0318635
YKL020C,1261.631132
YDR392W,671.0324209
YGR063C,3258.556027
YML010W,871.6804817
YGR116W,2324.9769739999997
YBR081C,752.3285818
YLR055C,647.0437454
YNL224C,314.02565760000005
YIR012W,2986.109365
YHR041C,2367.796482
YGR104C,500.61782410000006
YBR253W,2002.924287
YDR308C,887.9641813999999
YCR081W,284.5682686
YML034W,547.8707582000001
YCR018C,2003.7421379999998
YOR247W,5646.433918
YLR082C,290.0654698
YKR091W,3890.672115
YPL033C,151.9031203
YGL097W,947.2007486
YLR119W,369.8489944
YPR032W,691.8162817000001
YBL106C,331.7712707
YCL037C,3536.302926
YNL189W,4329.755229
YDR292C,1157.8160460000001
YKL154W,939.5664142999999
YDL092W,2358.074738
YKL122C,2324.3106980000002
YKR092C,957.6677034
YPR088C,3895.973126
YPL243W,1821.788802
YPL210C,1448.873515
YJL092W,384.8095604
YMR101C,184.3509354
YNL138W,5862.781728
YKL086W,564.1272153
YKL218C,1828.3699
YAL005C,11794.671540000001
YLL024C,15081.12127
YBL075C,505.1606647
YER103W,2340.9695899999997
YDL229W,19552.39294
YNL209W,17168.5954
YJR045C,7764.5545329999995
YDR293C,3248.7830670000003
YPL106C,8001.891490000001
YBR169C,4049.2539009999996
YHR066W,341.6039742
YDR312W,1070.464868
YBR283C,10499.212370000001
YKL124W,594.1323639
YLR006C,1494.310685
YNR031C,1115.173164
YCR073C,667.8042320000001
YLR005W,1516.496877
YIL143C,1126.567451
YIL030C,3055.163275
YDR443C,625.1922626
YPL042C,871.5831762
YNL025C,457.47369330000004
YPL232W,3631.7414310000004
YMR183C,1204.9286880000002
YHR184W,147.2847314
YLR250W,4916.634131
YOR242C,128.4059997
YLR369W,930.5613252
YDR086C,6448.821690999999
YLR452C,4882.111571
YPL092W,2903.129095
YNL222W,1083.009988
YDR160W,404.85954489999995
YJL156C,684.1274512
YHR064C,5805.951368999999
YNL309W,168.673644
YMR053C,285.5710622
YDR169C,370.405958
YMR019W,803.9789001
YHR178W,219.5261049
YKL072W,154.6088334
YOR047C,409.9820579
YLR362W,607.2576328
YHR084W,1919.6943190000002
YOR219C,1746.9948149999998
YDR410C,2363.149321
YJR086W,1064.8166039999999
YFL026W,19584.18639
YHL007C,1353.095896
YLR389C,2155.9331079999997
YJR117W,6023.727528
YKL178C,143.88759850000002
YOR212W,3091.815301
YDR103W,1359.719059
YCL032W,504.40009580000003
YKL209C,6327.167545
YDL159W,401.2706331
YDL130W-A,6513.302411
YGR008C,7290.611362999999
YIL126W,988.2874565999999
YOR027W,10140.28486
YDR536W,826.9057303
YLR150W,14627.28926
YDR082W,345.5592355
YMR125W,1492.381132
YDR463W,910.2812594000001
YHR006W,1295.476284
YCL008C,1117.645949
YLR375W,1981.3585699999999
YDL048C,2507.921923
YJR130C,1682.6941
YGL184C,964.0399167000002
YIR011C,1883.2740469999999
YGL022W,3340.229813
YLR305C,2016.626741
YBL034C,644.0261271
YLR045C,633.9741126
YMR054W,2732.90682
YGL169W,748.9505124
YPR086W,2779.540241
YMR039C,1119.272327
YDL084W,12461.45358
YIL162W,843.7094057
YPR151C,1208.372907
YNL244C,8841.460147
YJR007W,4511.212498
YPL237W,5888.007594
YBR294W,166.0187661
YLR092W,290.7462145
YDR310C,1570.101997
YNL066W,2477.111512
YDR172W,2783.470412
YBR143C,5361.643429
YPL057C,2378.753557
YDR297W,2674.739741
YLR372W,6652.579209
YML052W,593.2562154
YBR111W-A,817.9347028
YGL162W,1196.815583
YPR009W,949.5366226
YPL029W,388.7430392
YDR346C,1796.724313
YPL032C,1512.7915890000002
YHR181W,4057.56623
YPL163C,3401.645671
YDR320C,805.3385972
YAL011W,214.8329495
YGR002C,558.0716761
YBR231C,301.9922765
YLR385C,64.97592943
YAR003W,845.1234337999999
YKL018W,1599.785711
YBR175W,1214.2542349999999
YJL187C,322.4541835
YDR126W,577.5330374
YAR042W,587.4499495
YPL016W,859.7008267000001
YJL176C,380.2349037
YER111C,300.45554219999997
YDR146C,265.4847541
YLR182W,579.3348998
YDR260C,632.3531132999999
YMR149W,5149.532494
YFL049W,579.5921871
YDR334W,865.2958635
YNL081C,2033.042452
YOR166C,360.8371278
YNL187W,294.48779060000004
YDR395W,2056.3528969999998
YOR179C,669.9474039
YDR416W,333.64119339999996
YGR129W,318.4948032
YIL047C,4068.903003
YPL105C,1029.466875
YLR251W,3096.261789
YAL014C,2800.295025
YCR030C,1861.882114
YJL004C,1593.3183589999999
YPR095C,466.0478652
YGL243W,1152.288411
YJL035C,1018.58256
YLR316C,424.21289939999997
YGR274C,518.5451264
YDR167W,1281.100647
YML015C,623.784196
YDR145W,1412.03159
YML098W,691.4194194
YPL129W,2517.446805
YCR042C,1181.3528119999999
YPL011C,615.3571505
YMR005W,1901.77761
YBR198C,1180.801183
YGL112C,1275.232207
YMR227C,199.847773
YML114C,538.2194485
YMR236W,2995.323386
YCR060W,1318.628511
YJR046W,1485.545534
YPR048W,644.4535827000001
YLR354C,13471.15416
YGR046W,954.8069115000001
YGL232W,835.3565007999999
YIL129C,1606.3970000000002
YMR028W,770.3350297000001
YBR069C,2013.257439
YOL020W,2739.226669
YJL083W,260.4504298
YPR140W,1267.250376
YPL128C,944.5381396
YBR150C,575.9949202
YOR086C,2148.439534
YNL087W,1043.690608
YML072C,3932.0492189999995
YBR044C,934.3975841
YPL180W,567.4506226
YDR212W,4227.645499
YJL052W,9745.35067
YGR192C,30354.687789999996
YBR223C,993.442726
YOR337W,1043.0427789999999
YBR083W,3767.190313
YIL039W,3897.3462130000003
YKL081W,11656.08159
YBL088C,467.71945639999996
YGR099W,493.153622
YML064C,626.0710617999999
YLR010C,1218.25892
YNL128W,195.1384531
YJR019C,1907.2582850000001
YNL253W,606.1251241
YKL028W,1484.009605
YKR062W,1670.489448
YDR311W,1243.396375
YPL122C,895.5365806
YDR460W,696.1291106000001
YPR056W,1164.7236289999998
YDR079C-A,1182.091559
YBR123C,752.2469537000001
YAL001C,902.6903987
YGR047C,497.5929615
YDR362C,392.3765187
YOR110W,697.3225024000001
YPL007C,433.6207931
YGR186W,1037.532225
YGR005C,1187.252483
YLR178C,4478.88861
YKL140W,1514.659995
YDR058C,540.3636995
YMR313C,1025.975496
YKR089C,1968.948262
YOR081C,2389.582461
YPL157W,226.55108819999998
YGR024C,2876.500969
YBR240C,155.6133389
YOL055C,906.1303437999999
YPL258C,638.3551386
YPR121W,1166.2804039999999
YDL080C,768.3192353999999
YGR144W,521.5911738
YPL214C,1650.669151
YLR237W,906.5913486
YOR192C,199.5890331
YLR004C,216.9906293
YDR438W,604.5878032
YOR143C,641.3592718
YER063W,1798.408479
YNL139C,1062.844034
YOL072W,1069.873439
YHR167W,316.62454710000003
YHR025W,8697.573581999999
YCR053W,8345.953725
YIL078W,8443.857678
YMR260C,6782.712602
YPR163C,3436.2451450000003
YMR146C,5018.158263
YDR429C,4125.276943
YGR162W,1938.810069
YGL049C,759.1262552999999
YPR041W,2718.301646
YPR016C,6534.988388000001
YDR322C-A,8217.921719
YGR181W,2951.848491
YJL143W,5626.067772
YOR297C,2411.235692
YGR033C,2064.288923
YDL217C,747.9717958
YNR017W,2866.851638
YIL022W,1643.414246
YPL063W,1398.577419
YJL054W,1195.633705
YJR135W-A,3330.458049
YEL020W-A,3999.056632
YBR067C,14112.27829
YGL145W,686.2253007999999
YPR040W,1097.168423
YER011W,830.5043306
YOR010C,254.7436815
YIL011W,387.08009510000005
YOR009W,303.78662210000005
YLR136C,218.40806009999997
YPR074C,14963.13515
YBR117C,1864.7702399999998
YDR468C,1730.6218649999998
YOL018C,893.686173
YLR327C,4804.182821
YIL137C,1513.0212789999998
YOR252W,477.0180024
YDL110C,2889.800163
YKL056C,21274.22003
YER007C-A,3699.179568
YJR014W,2994.302329
YMR269W,298.3904048
YOR091W,632.428208
YDR117C,1343.98886
YLR262C-A,7604.0868900000005
YDR107C,351.0864474
YER113C,1398.824948
YDR105C,3510.178167
YER175C,1975.552524
YGR260W,3354.408516
YOR194C,890.4289382000001
YKL058W,2080.849439
YBL054W,339.7904143
YNL273W,234.15652889999998
YKR010C,265.4741543
YJL093C,2103.7988969999997
YDR457W,3722.006785
YGR082W,4117.622605
YNL131W,3538.0267310000004
YMR203W,6265.503232999999
YPR133W-A,3579.139283
YOR045W,6221.212699000001
YNL070W,6326.998426
YNL121C,2640.396666
YHR117W,1419.666852
YOL006C,554.2489107000001
YNL088W,1480.6477630000002
YLR234W,87.28467913
YJR066W,839.9207438999999
YKL203C,1486.41333
YBR162C,13120.9756
YGR221C,200.6906332
YGL179C,451.13304639999996
YLR183C,230.67313560000002
YGL096W,1464.683703
YER049W,1624.893565
YGR096W,572.2322255
YAL016W,5131.059038
YDR050C,22983.8689
YJL164C,2147.605436
YPL203W,1706.022414
YKL166C,774.1441028
YNL079C,5729.320292
YIL138C,1270.008629
YGL186C,1701.307057
YLL028W,2432.043343
YGR138C,2253.175354
YPR156C,495.90343550000006
YOR273C,3140.462726
YKL174C,1396.148528
YMR156C,412.16970919999994
YBR126C,8465.064355
YDR074W,4261.971243999999
YMR261C,3241.2649469999997
YOL102C,992.4223865
YHR099W,985.1614517999999
YPL176C,1325.51674
YOR256C,1406.9147679999999
YNL299W,312.4753957
YMR233W,967.9279831
YJL129C,1370.8820050000002
YKR050W,736.9537512
YJL087C,324.3240054
YDR120C,938.6623331000001
YOL093W,453.0038075
YOL124C,620.3692614
YNR046W,2677.904036
YML005W,1744.3139629999998
YOL125W,517.2680015
YKR056W,1044.030941
YDL112W,1460.586558
YPL030W,483.3957552
YHR070W,593.8697268999999
YBR061C,1050.425705
YDL201W,1104.7975490000001
YDR165W,1821.919397
YML014W,734.2879360000001
YER090W,3534.638535
YKL211C,2789.238761
YDR354W,2102.864587
YGL026C,10708.91519
YDR353W,10443.57424
YHR106W,1511.233137
YDR407C,1225.264661
YMR218C,566.1554066000001
YBR254C,911.6442012
YDR246W,1249.84845
YDR472W,1069.1827640000001
YOR115C,1453.148775
YLR043C,11322.70841
YGR209C,11932.33916
YCR083W,3035.007369
YKR079C,451.6303913
YML028W,19265.70263
YDR453C,783.8969542
YBR265W,2654.5584559999998
YER093C,573.2416096
YDL015C,7748.165745
YBR058C-A,2842.440549
YML100W,7526.242136
YDL060W,969.9244704
YLR435W,1692.964532
YKL033W,564.6612332000001
YJR136C,678.8301723999999
YML085C,12356.5367
YFL037W,12567.715240000001
YML124C,3115.650784
YLR212C,854.5281684
YOR187W,7789.629891
YKL034W,2173.947658
YCR084C,2585.232048
YLR425W,870.6156527
YDR100W,4070.956767
YMR071C,5668.840304
YDR084C,2485.146102
YKR088C,3098.597482
YGR080W,2692.004084
YOR344C,1993.979585
YBR166C,3713.861531
YGR185C,7948.030056999999
YPL207W,1437.789869
YGL050W,1472.752338
YOR295W,345.400244
YKL210W,6094.722741
YDR390C,1081.175142
YPR066W,416.580013
YHR111W,785.3422408
YDR177W,5185.00431
YOR339C,167.5226405
YLR306W,647.4595497
YDR092W,797.1305237
YBR082C,10777.82562
YDR059C,5867.426101
YER100W,1495.500866
YMR022W,3633.306814
YEL012W,1985.810107
YDL064W,1354.874706
YLL039C,10209.510559999999
YDL122W,1503.894119
YNL186W,1805.77372
YKR098C,931.0324201999999
YJL197W,817.77057
YBL067C,1067.199047
YBR058C,1258.77027
YMR304W,1164.3118439999998
YPL072W,515.2540907
YOR124C,2241.90557
YER151C,974.8108673
YER144C,1734.192548
YFR010W,3489.6581490000003
YIL156W,571.5176371
YMR223W,500.83114869999997
YER098W,312.4110117
YGR184C,1474.168974
YLR024C,395.9523313
YBR165W,991.5452283
YML013W,1040.806283
YDL091C,673.9350841
YMR067C,1398.624223
YDR330W,964.6689251
YJL048C,2390.9997350000003
YBR273C,1137.17021
YGR048W,1585.432517
YDL190C,2710.675996
YKL010C,2490.112214
YOR075W,952.0512538999999
YML088W,778.7907932999999
YGR019W,3207.143316
YBR006W,1328.288064
YDL170W,531.3223496999999
YDL210W,347.1389161
YDR470C,729.4233757999999
YKL035W,11324.27261
YDL169C,546.2615952000001
YAR027W,4529.406897
YPL186C,916.9644482000001
YKR044W,575.3083815
YPL003W,1503.955026
YPL020C,1258.138326
YIL031W,408.6892932
YOR191W,458.1779595
YPL139C,997.7408847000002
YDR207C,476.26651610000005
YBR173C,3120.413473
YML021C,453.0003124
YDR213W,222.17761439999998
YGR072W,414.22881960000007
YLR193C,1377.7556630000001
YKL216W,14045.622930000001
YMR271C,603.1320578
YJL130C,14396.5382
YEL021W,2410.331083
YLR420W,7241.628134999999
YML106W,10803.30328
YKL024C,3795.7980829999997
YBL039C,2838.51695
YJR103W,2302.23564
YKL014C,1270.448976
YJR041C,952.9252855000001
YDR520C,699.4611208
YNL229C,2297.016904
YDR400W,1605.867175
YNR012W,924.8889687000001
YIL008W,1712.55368
YPR152C,223.39421690000003
YML029W,450.5436153
YGL098W,872.3575129000001
YDL058W,895.4802068
YPL230W,1306.007835
YKR042W,20203.29259
YJL109C,1951.731497
YKL099C,427.3142098
YLR222C,918.4226653
YML093W,789.4940437999999
YMR093W,1281.6590199999998
YJL069C,786.1804905
YBL004W,1502.363221
YLR409C,1399.447885
YGR090W,1153.204401
YOR004W,1017.587247
YKR060W,463.7484983
YDR324C,651.5022669
YDR398W,915.5103771
YDR449C,539.3249179
YER082C,781.2389807999999
YGR128C,685.8050379
YHR196W,834.8063495
YJR049C,1956.9665710000002
YEL040W,4982.36325
YEL038W,1863.921625
YEL035C,112.99887290000001
YEL005C,888.6184562999999
YLR386W,555.1927427999999
YCL063W,452.801503
YNL054W,654.3866717
YEL013W,3069.851006
YOR068C,103.7218319
YOR106W,632.4442686000001
YDL077C,714.3509033
YGL212W,176.5659007
YML115C,1541.849741
YGR094W,4699.453367
YMR088C,3023.145009
YBR293W,987.6353172
YDR119W,2705.727124
YDL128W,2754.126611
YGL258W,68.85151357
YIL056W,1686.7746559999998
YDR247W,684.7790265
YIL135C,684.8379434
YOR054C,516.5548956
YGR065C,1054.6437460000002
YLR373C,517.9027327
YBR105C,1906.1916030000002
YNL212W,948.0874905999999
YIL017C,10862.83122
YGL227W,844.8625484999999
YPL253C,191.6114143
YLR410W,2240.759255
YHR039C-A,6186.537885
YPR036W,6832.3137209999995
YBR127C,11036.62032
YGR105W,4938.95189
YHR060W,1370.236088
YOR332W,9350.511339
YKL080W,9303.338354000001
YLR447C,4973.001486
YGR020C,6221.969057
YEL051W,4469.9387719999995
YCL005W-A,6994.000862999999
YHL035C,1803.410373
YNL321W,1355.572295
YGR106C,7438.8757430000005
YOR270C,8873.792486
YKL119C,1353.560696
YKR001C,3285.8591149999997
YLL040C,2834.989595
YBR097W,1298.337189
YPL045W,500.9266235
YOR132W,1717.363145
YMR077C,657.6559957000001
YOR089C,1674.998348
YKL041W,634.3409292
YJR102C,913.6141498
YNR006W,1440.3471220000001
YPL065W,690.3079261
YHR012W,2026.214931
YDR495C,508.90416799999997
YPL120W,655.3910139999999
YLR396C,768.6953593
YLR240W,1574.225791
YJL154C,1862.3546789999998
YLR417W,1208.500384
YLR360W,559.6960025000001
YPR173C,2125.354866
YDR080W,604.3846586
YGL095C,921.9872142
YOR069W,695.430463
YKR020W,336.9582376
YDR484W,424.7450977
YJL029C,1289.515069
YDR027C,556.929116
YJR044C,6166.568264
YDR486C,2076.8406649999997
YGR141W,1334.043219
YDR200C,726.9788018999999
YOL129W,7210.669516
YJR126C,1431.38395
YML041C,712.1975263999999
YDR485C,507.21899299999995
YGL104C,1636.759219
YDR372C,3222.736319
YNL246W,807.5943990000001
YAL002W,677.4594096
YML097C,531.5517437
YGL225W,5429.967359
YLR337C,2513.535569
YLR181C,668.2413835
YER072W,7064.612907
YFL004W,2347.177588
YPL019C,893.6320638000001
YJL012C,2042.7750449999999
YMR197C,3027.7381379999997
YOR359W,412.40027180000004
YML076C,734.7217559999999
YEL002C,8033.3337870000005
YOR043W,1282.713223
YNL197C,848.8111127999998
YDL224C,1708.042419
YOR083W,211.89968489999998
YOL097C,4066.66672
YNL283C,5452.9528390000005
YOL105C,1178.7471380000002
YHL028W,132.31948549999998
YHR134W,603.9825211
YOR230W,7658.689715
YOR229W,460.064212
YFL010C,4251.232679
YIL101C,800.3656191
YLR090W,729.7064671
YGR194C,1720.2931079999998
YJR133W,2717.004216
YDR369C,287.2466884
YLR070C,587.6699054999999
YJR067C,669.8673785
YNL107W,506.9354177
YPL252C,1745.429038
YJL141C,2575.744576
YML007W,1296.459582
YHR161C,1226.3016189999998
YGR241C,1619.8638740000001
YHL009C,487.3105047
YIR018W,386.7871818
YDR259C,439.8327182
YOL028C,288.1695186
YPL239W,3334.825207
YAR035W,408.63568910000004
YER024W,1027.608057
YBR216C,595.1810935
YGL060W,1482.145118
YLL048C,2748.534939
YDR135C,3642.57441
YDR325W,490.06593439999995
YHR135C,1286.969486
YNL154C,1715.335633
YER123W,521.3919235000001
YCR004C,8304.220061
YLR272C,738.1587772
YLL055W,428.0070418
YPL087W,3438.5177840000006
YNL064C,9476.082975
YEL004W,1308.379778
YEL006W,1477.5701689999999
YEL041W,319.9413508
YLR249W,17355.9741
YLL012W,899.5814767
YLR020C,984.6640104
YBL060W,243.79047400000002
YER041W,467.554117
YKL065C,7226.695620999999
YMR040W,1049.629184
YDL072C,11055.7236
YDL120W,1560.883331
YFR007W,835.8870382
YOL128C,458.032258
YNL160W,8639.057517
YGR234W,15824.473269999999
YLR298C,477.80111239999997
YJL059W,1249.66149
YHR029C,2253.566596
YHR048W,118.946142
YMR241W,5811.09076
YDR451C,175.4499253
YIL006W,640.1415586
YNL263C,2990.927349
YPL201C,148.2626077
YCR059C,1426.570407
YMR152W,3495.056121
YGR172C,3110.901894
YNL044W,8050.870831
YGL198W,4471.493272
YGL161C,4658.406886
YKL095W,181.0777074
YKL094W,2719.3125
YLR200W,1191.0326300000002
YIL023C,3966.1696369999995
YKL196C,5116.5720710000005
YMR284W,717.734428
YMR106C,412.99313
YHL014C,301.5105461
YPR125W,1189.520182
YPR058W,3055.3683149999997
YBR104W,626.1901299
YML038C,1201.510419
YPR024W,958.8106353000001
YMR302C,932.2488638
YML025C,1022.2282240000001
YJR110W,466.27523130000003
YFR049W,7786.409554000001
YER005W,1232.057404
YOR064C,822.0655732999999
YHR090C,786.6518913
YKL067W,6457.809048
YPR028W,11136.406509999999
YGR281W,2184.714985
YER074W-A,2718.480052
YDR057W,429.20554749999997
YML027W,144.4297267
YBR183W,5263.724042
YDL235C,2737.021952
YFR003C,2155.8456539999997
YKL126W,3309.568054
YMR104C,1007.242691
YGR198W,2013.4124170000002
YDR368W,6523.822797999999
YLR120C,6480.435654
YLR121C,3883.7896170000004
YGL259W,150.1355648
YIR039C,1813.990384
YDR349C,3342.721779
YFL038C,7192.047734999999
YBR264C,1574.496456
YNL304W,374.7085318
YER031C,3236.445957
YGL210W,991.3926796000001
YHR105W,120.69095619999999
YKR014C,3287.328854
YNL093W,599.7396898
YLR262C,1237.9854480000001
YML001W,5675.188072999999
YDR381W,3875.0402689999996
YKL214C,1697.878478
YDR002W,8628.829119
YIL063C,1794.078093
YGL164C,1139.900922
YOR172W,556.9865082
YBR054W,3017.5294010000002
YOR162C,798.6326167000001
YBR111C,5613.478492
YHR017W,1136.1936039999998
YHR016C,1693.260385
YNL138W-A,838.5638946
YLR277C,759.3383629
YHR155W,614.0834322000001
YDR326C,1115.9475929999999
YOR003W,1108.435475
YKR053C,443.29800889999996
YBR148W,155.4462114
YBR162W-A,2911.755951
YMR089C,1004.473882
YPL074W,576.1291512
YGR270W,1984.887666
YPR107C,1070.074323
YOR272W,1464.769407
YNL237W,879.8116097000001
YJR099W,1068.047091
YJL139C,690.4261389
YOR087W,1549.458809
YIR026C,735.3071676
YJL056C,198.97772949999998
YMR273C,438.9985438
YML109W,563.4838557999999
YOL109W,12782.79348
YNL310C,736.6008975999999
YDR285W,155.1301706
YGL249W,114.59171459999999
YGR211W,4533.084494
YOL154W,1506.311528
YMR243C,3326.936933
YNR039C,692.2829644999999
YER033C,559.109979
YGL255W,533.0942219
YLR130C,1322.0246730000001
YKL175W,3662.077239
YBR046C,2456.641208
YGR285C,8679.298945
YNL241C,6541.272714
