AA,Codon,Posterior,0.025%,0.975%
A,GCA,0.457768509840965,0.437045118957758,0.478192772467931
A,GCC,0.0562734549969435,0.0490628855613371,0.0641033679867784
A,GCG,0.635549261450768,0.604451008141041,0.668801081677278
A,GCT,0,0,0
C,TGC,0.368291982269287,0.335588772346576,0.401719690859318
C,TGT,0,0,0
D,GAC,-0.115709396618605,-0.125294390569131,-0.10677637886256
D,GAT,0,0,0
E,GAA,-0.251564527702332,-0.267404734591643,-0.236547415827711
E,GAG,0,0,0
F,TTC,-0.274885980534554,-0.291291249046723,-0.259120948861043
F,TTT,0,0,0
G,GGA,0.817564667487145,0.781081555783749,0.853901002307733
G,GGC,0.444347505140305,0.422780715177457,0.467187255620956
G,GGG,0.700573947167397,0.666171676913897,0.735918320218722
G,GGT,0,0,0
H,CAC,-0.189514797848463,-0.205590094377597,-0.174499486014247
H,CAT,0,0,0
I,ATA,0.783805431485176,0.748448312282562,0.818951900303364
I,ATC,-0.0913021386235952,-0.0999239387611548,-0.0826054007435838
I,ATT,0,0,0
K,AAA,0.268960481983423,0.25625808313489,0.28208793575565
K,AAG,0,0,0
L,CTA,0.256770145779848,0.241368096321821,0.270896054555972
L,CTC,0.741588116049766,0.700430858135223,0.783775033056736
L,CTG,0.47952757089138,0.454993081837893,0.504451274871826
L,CTT,0.46267828565836,0.438534926871459,0.486345752328634
L,TTA,0.213674764466286,0.202628503739834,0.225878938039144
L,TTG,0,0,0
N,AAC,-0.304729529428482,-0.320179045200348,-0.289309321592251
N,AAT,0,0,0
P,CCA,-0.234158022451401,-0.249870287875334,-0.218800480042895
P,CCC,0.275097588098049,0.246349573756258,0.303259309877952
P,CCG,0.566102030479908,0.522595941027005,0.60888208647569
P,CCT,0,0,0
Q,CAA,-0.388408591020107,-0.41147083590428,-0.364318714290857
Q,CAG,0,0,0
R,AGA,-0.013333524362203,-0.023698588538294,-0.00292053281057936
R,AGG,0.517262599694729,0.483649551868439,0.548745020230611
R,CGA,1.6801233314991,1.56627194384734,1.76873501241207
R,CGC,0.548472707390785,0.499171793460846,0.593156169354916
R,CGG,1.54226986846924,1.44080067873001,1.62338837087154
R,CGT,0,0,0
S,TCA,0.374103167140484,0.354530889540911,0.396296757707993
S,TCC,-0.0135141764278989,-0.0212480149542292,-0.00548435146920383
S,TCG,0.479966493797302,0.45139692251881,0.507693931957086
S,TCT,0,0,0
T,ACA,0.365629028940201,0.346702186018229,0.387695729732513
T,ACC,-0.0510930706426501,-0.0594423192242781,-0.0427316495527824
T,ACG,0.580464484643936,0.547001747786999,0.611508354047934
T,ACT,0,0,0
V,GTA,0.57745886297226,0.548502536614736,0.605514465769132
V,GTC,-0.055446711614728,-0.0630608559896549,-0.0479753339973589
V,GTG,0.366287930190563,0.345826001962026,0.388137983282407
V,GTT,0,0,0
Y,TAC,-0.285020117044449,-0.301939862966537,-0.268311726550261
Y,TAT,0,0,0
Z,AGC,0.0239284173759101,0.00429044615399713,0.044443568897744
Z,AGT,0,0,0
